"ID","CHR","P0","P1","rosmap.TWAS.Z","rosmap.TWAS.P","rosmap.TWAS.P.FDR","rosmap.COLOC.PP4","rosmap.causal","banner.TWAS.Z","banner.TWAS.P","banner.COLOC.PP4","banner.TWAS.P.FDR","banner_replicated","banner.causal","b_SMR","p_SMR","p_HEIDI","p_SMR.FDR","smr.causal","smr_replicated"
"AAMDC",11,77532155,77629478,3.8897,1e-04,0.00178536585365854,0.479,FALSE,3.79791,0.000146,0.425,0.000341702127659574,TRUE,FALSE,0.0470931,0.0004560952,0.8988383,0.00823778952941176,TRUE,TRUE
"ABCG2",4,89011416,89152474,-3.089,0.00201,0.0198827027027027,NA,NA,-3.089,0.00201,0.059,0.00320434782608696,TRUE,FALSE,-0.0799267,0.005030843,0.6847558,0.0452036040147059,TRUE,TRUE
"ACAA1",3,38144620,38178733,2.8719,0.00408,0.0339381818181818,NA,NA,NA,NA,NA,NA,NA,NA,NA,NA,NA,NA,NA,NA
"ACADS",12,121163538,121177811,-4.2836,1.84e-05,0.000472013793103448,0,FALSE,-3.9839,6.78e-05,0,0.000177571428571429,TRUE,FALSE,-0.0592215,7.72053e-06,2.0185e-05,0.000682297851857143,FALSE,TRUE
"ADK",10,75910960,76469061,2.701,0.00691,0.0498047058823529,NA,NA,NA,NA,NA,NA,NA,NA,NA,NA,NA,NA,NA,NA
"ADSL",22,40742507,40786467,2.89,0.003858,0.0322749257142857,NA,NA,3.028,0.00246,0.017,0.00375833333333333,TRUE,FALSE,0.135462,0.006699907,0.07157228,0.0518182680632911,TRUE,FALSE
"APPL2",12,105567074,105630016,-2.9013,0.00372,0.0314802312138728,NA,NA,NA,NA,NA,NA,NA,NA,NA,NA,NA,NA,NA,NA
"ARHGAP21",10,24872538,25012597,-4.2738,1.92e-05,0.000476420338983051,0.004,FALSE,NA,NA,NA,NA,NA,NA,NA,NA,NA,NA,NA,NA
"ATG7",3,11313995,11599139,3.908,9.31e-05,0.00170373,0.52,FALSE,3.933,8.39e-05,0.515,0.000205088888888889,TRUE,FALSE,0.288683,0.0006150771,0.9483439,0.0106372920216216,TRUE,TRUE
"AVEN",15,34158428,34331377,-2.81,0.00496,0.039464347826087,NA,NA,NA,NA,NA,NA,NA,NA,NA,NA,NA,NA,NA,NA
"B3GALTL",13,31774073,31906413,-4.6576,3.2e-06,0.00011712,0.44,FALSE,-4.953,7.29e-07,0.551,4.26684210526316e-06,TRUE,FALSE,-0.0893396,0.0006441568,0.5105513,0.0106372920216216,TRUE,TRUE
"B4GALNT1",12,58017193,58027138,-3.3558,0.000791,0.0096502,0.086,FALSE,NA,NA,NA,NA,NA,NA,NA,NA,NA,NA,NA,NA
"BCL2L13",22,18111621,18213388,3.179,0.001476,0.0160394117647059,NA,NA,0.514,0.607,NA,0.61256880733945,FALSE,NA,0.156132,0.001235638,0.2413107,0.0175575539069767,TRUE,TRUE
"BTN2A1",6,26458150,26476849,6.8763,6.14e-12,2.24724e-09,0,FALSE,6.0441,1.5e-09,0.005,2.35714285714286e-08,TRUE,FALSE,0.103424,2.542508e-07,5.155193e-08,5.17824129333333e-05,FALSE,TRUE
"BTN2A2",6,26383324,26395102,5.2678,1.38e-07,1.1224e-05,0,FALSE,NA,NA,NA,NA,NA,NA,0.0187358,0.4386912,4.7879e-06,0.690825575257732,FALSE,FALSE
"BTN3A3",6,26440700,26453643,-5.5277,3.24e-08,3.9528e-06,0.551,FALSE,-7.5383,4.76e-14,0.965,1.74533333333333e-12,TRUE,TRUE,NA,NA,NA,NA,NA,NA
"C2orf76",2,120059801,120124404,-3.72,0.000199,0.00323706666666667,0.349,FALSE,-2.3848,0.0171,0.094,0.0211348314606742,TRUE,FALSE,-0.0748756,0.0009668859,0.9187778,0.0151478791,TRUE,TRUE
"C3orf33",3,155480401,155524140,-2.999,0.00271,0.025228679245283,NA,NA,-3.0376,0.00238,0.048,0.00368732394366197,TRUE,FALSE,-0.0580492,0.003138478,0.1223001,0.0314362304590164,TRUE,TRUE
"C5orf51",5,41904290,41921738,-4.2797,1.87e-05,0.000472013793103448,0.129,FALSE,-1.1818,0.237,NA,0.245943396226415,FALSE,NA,NA,NA,NA,NA,NA,NA
"CAMK2G",10,75572259,75634343,4.193,2.75e-05,0.00061,0.33,FALSE,NA,NA,NA,NA,NA,NA,NA,NA,NA,NA,NA,NA
"CAPG",2,85621871,85645555,2.7949,0.00519,0.0404157446808511,NA,NA,2.824,0.00474,0.002,0.0066,TRUE,FALSE,0.0334456,0.1372499,0.509595,0.366199514847162,TRUE,FALSE
"CARKD",13,111267881,111292340,-3.3459,0.00082,0.00984,0.044,FALSE,-3.175,0.0015,0.042,0.00252835820895522,TRUE,FALSE,-0.14164,0.002713805,0.07987135,0.0276355809166667,TRUE,TRUE
"CBR3",21,37507210,37518864,-3.9765,6.99e-05,0.001364448,0.862,TRUE,-4.1575,3.22e-05,0.853,0.0001012,TRUE,TRUE,-0.072495,3.447239e-05,0.09353817,0.00175521919083333,TRUE,TRUE
"CCDC58",3,122078438,122102078,-4.078,4.54e-05,0.000963269565217391,0.654,FALSE,-4.9639,6.91e-07,0.687,4.26684210526316e-06,TRUE,FALSE,NA,NA,NA,NA,NA,NA
"CCDC90B",11,82970139,82997450,3.1409,0.00168,0.017568,NA,NA,NA,NA,NA,NA,NA,NA,NA,NA,NA,NA,NA,NA
"CCDC92",12,124403207,124457378,-2.7451,0.00605,0.0447333333333333,NA,NA,-3.2144,0.00131,0.068,0.00228730158730159,TRUE,FALSE,-0.220974,0.02196613,0.2524235,0.112784079243697,TRUE,FALSE
"CCM2",7,45039074,45116068,-2.838,0.00454,0.0369253333333333,NA,NA,NA,NA,NA,NA,NA,NA,NA,NA,NA,NA,NA,NA
"CDH13",16,82660408,83830204,-5.8996,3.64e-09,5.92106666666667e-07,0.996,TRUE,-4.9731,6.59e-07,0.774,4.26684210526316e-06,TRUE,FALSE,-0.247268,7.842669e-05,0.3816445,0.002994919224375,TRUE,TRUE
"CECR5",22,17618401,17646177,-3.83,0.000128,0.00225773493975904,0.44,FALSE,NA,NA,NA,NA,NA,NA,-0.15892,0.001608219,0.4122723,0.020966361,TRUE,TRUE
"CLGN",4,141309609,141349122,2.788208,0.0053,0.0408378947368421,NA,NA,3.5811,0.000342,0.004,0.000723461538461538,TRUE,FALSE,0.11031,0.002344972,0.3086968,0.0258843407931035,TRUE,TRUE
"CLIP2",7,73703805,73820273,3.073,0.00212,0.0206912,NA,NA,1.2238,0.221,NA,0.23152380952381,FALSE,NA,NA,NA,NA,NA,NA,NA
"CMPK1",1,47799469,47844511,-3.1786,0.00148,0.0160394117647059,NA,NA,NA,NA,NA,NA,NA,NA,-0.165152,0.002420367,NA,0.0258843407931035,NA,TRUE
"CNNM2",10,104678050,104849978,-5.1356,2.81e-07,1.88323636363636e-05,0.92,TRUE,-4.4533,8.46e-06,0.929,3.20896551724138e-05,TRUE,TRUE,-0.457226,0.0002573552,0.7210127,0.0064437235,TRUE,TRUE
"CORO7",16,4404543,4475706,3.462,0.000536,0.00733368224299065,0.129,FALSE,NA,NA,NA,NA,NA,NA,NA,NA,NA,NA,NA,NA
"CPNE8",12,39040624,39301232,-3.0109,0.00261,0.0248119480519481,NA,NA,NA,NA,NA,NA,NA,NA,NA,NA,NA,NA,NA,NA
"CPT1A",11,68522088,68611878,2.8535,0.00432,0.0355307865168539,NA,NA,NA,NA,NA,NA,NA,NA,NA,NA,NA,NA,NA,NA
"CRTAC1",10,99624757,99790585,4.4473,8.69e-06,0.000263818775510204,0.999,TRUE,3.8055,0.000141,0.9,0.000337173913043478,TRUE,TRUE,0.332697,6.145197e-05,0.007540228,0.00268193954785714,FALSE,TRUE
"CSDC2",22,41956767,41973745,3.239,0.001199,0.0135025846153846,NA,NA,4.416,1e-05,0.891,3.66666666666667e-05,TRUE,TRUE,0.0649779,0.003293343,0.002463045,0.0324553640806452,FALSE,TRUE
"CSE1L",20,47662849,47713489,-5.377,7.57e-08,6.51910588235294e-06,0.492,FALSE,-5.92,3.21e-09,0.982,4.41375e-08,TRUE,TRUE,NA,NA,NA,NA,NA,NA
"CTNND1",11,57520715,57587018,-7.777,7.43e-15,3.62584e-12,0.925,TRUE,-7.44862,9.43e-14,0.535,2.59325e-12,TRUE,FALSE,NA,NA,NA,NA,NA,NA
"CYP7B1",8,65500320,65711318,-5.5112,3.56e-08,4.00910769230769e-06,0.521,FALSE,NA,NA,NA,NA,NA,NA,NA,NA,NA,NA,NA,NA
"DCC",18,49866542,51057784,6.1862,6.16e-10,1.50304e-07,0.021,FALSE,NA,NA,NA,NA,NA,NA,0.386073,8.530649e-07,0.1207522,0.0001249234714,TRUE,TRUE
"DCUN1D2",13,114110134,114145267,-2.912,0.00359,0.0307354385964912,NA,NA,-2.789,0.00529,0.011,0.00718395061728395,TRUE,FALSE,NA,NA,NA,NA,NA,NA
"DCXR",17,79993012,79995608,2.7688,0.00563,0.0422683076923077,NA,NA,NA,NA,NA,NA,NA,NA,NA,NA,NA,NA,NA,NA
"DDX58",9,32455300,32526322,2.9386,0.0033,0.0287571428571429,NA,NA,NA,NA,NA,NA,NA,NA,NA,NA,NA,NA,NA,NA
"DFNA5",7,24737972,24809244,3.274,0.00106,0.0120297674418605,NA,NA,3.5275,0.00042,0.172,0.00084,TRUE,FALSE,0.151112,0.006045121,0.005613523,0.0485995911973684,FALSE,TRUE
"DHRS7B",17,21026677,21096578,2.8001,0.00511,0.0400055614973262,NA,NA,0.3609,0.718,NA,0.718,FALSE,NA,NA,NA,NA,NA,NA,NA
"DHX38",16,72127461,72146811,4.5894,4.44e-06,0.000154765714285714,0.566,FALSE,NA,NA,NA,NA,NA,NA,NA,NA,NA,NA,NA,NA
"DPP7",9,140004994,140009629,2.82,0.0048,0.0384,NA,NA,2.902,0.003708,0.035,0.00532857142857143,TRUE,FALSE,0.0363187,0.005669496,0.1172945,0.0468116494054054,TRUE,TRUE
"DUSP3",17,41843489,41856356,2.8071,0.005,0.0395675675675676,NA,NA,NA,NA,NA,NA,NA,NA,NA,NA,NA,NA,NA,NA
"EIF2AK4",15,40226347,40327797,-3.315,0.000916,0.0108147096774194,0.093,FALSE,-3.315,0.000916,0.04,0.00167933333333333,TRUE,FALSE,NA,NA,NA,NA,NA,NA
"EIF4E3",3,71724567,71803924,3.3817,0.000721,0.0094245,0.798,FALSE,NA,NA,NA,NA,NA,NA,NA,NA,NA,NA,NA,NA
"EML2",19,46110252,46148887,3.1761,0.00149,0.0160394117647059,NA,NA,NA,NA,NA,NA,NA,NA,0.126905,0.009889883,0.09623502,0.0656817229673913,TRUE,FALSE
"ENPP4",6,46097730,46114436,-3.587,0.000334,0.00514711578947368,0.057,FALSE,-4.049,5.14e-05,0.135,0.00014135,TRUE,FALSE,-0.131815,0.02108932,0.329964,0.110204816666667,TRUE,FALSE
"EPHB2",1,23037332,23241818,-5.1081,3.25e-07,2.06869565217391e-05,0.363,FALSE,NA,NA,NA,NA,NA,NA,NA,NA,NA,NA,NA,NA
"ERO1L",14,53106634,53162618,-2.748,0.006,0.0445888324873096,NA,NA,NA,NA,NA,NA,NA,NA,NA,NA,NA,NA,NA,NA
"EXOC6",10,94590935,94819250,-4.1434,3.42e-05,0.00074729552238806,0.674,FALSE,NA,NA,NA,NA,NA,NA,NA,NA,NA,NA,NA,NA
"FAHD2B",2,97749320,97760619,-4.2667,1.98e-05,0.0004776,0.775,FALSE,-4.5931,4.37e-06,0.5,1.78037037037037e-05,TRUE,FALSE,NA,NA,NA,NA,NA,NA
"FAM114A2",5,153369688,153418496,-3.551,0.000384,0.00562176,0.013,FALSE,-4.6851,2.8e-06,0.062,1.28333333333333e-05,TRUE,FALSE,-0.21796,0.001612797,0.01279538,0.020966361,FALSE,TRUE
"FAM162B",6,117073363,117086886,3.927,8.6e-05,0.00159372151898734,0.007,FALSE,NA,NA,NA,NA,NA,NA,0.065492,0.01849124,0.05177587,0.100876318214286,TRUE,FALSE
"FAM171A1",10,15253642,15413061,-3.4643,0.000532,0.00733368224299065,0.102,FALSE,-3.3361,0.00085,0.146,0.00158474576271186,TRUE,FALSE,-0.155502,0.001990554,0.5053004,0.0238476175294118,TRUE,TRUE
"FAM177A1",14,35514113,35582336,3.113,0.00185,0.0186786206896552,NA,NA,NA,NA,NA,NA,NA,NA,NA,NA,NA,NA,NA,NA
"FARS2",6,5261277,5771813,3.225,0.00126,0.0139745454545455,NA,NA,4.2252,2.39e-05,0.527,7.96666666666667e-05,TRUE,FALSE,NA,NA,NA,NA,NA,NA
"FBLN7",2,112895962,112945791,2.9147,0.00356,0.0306578823529412,NA,NA,1.6341,0.102,NA,0.1122,FALSE,NA,NA,NA,NA,NA,NA,NA
"FLOT2",17,27206353,27224697,4.296,1.74e-05,0.000454885714285714,0.838,TRUE,3.7297,0.000192,0.834,0.000431020408163265,TRUE,TRUE,0.113274,0.0001453016,0.1969236,0.00403542170909091,TRUE,TRUE
"FNBP1",9,132649466,132805473,-2.909,0.00363,0.0308972093023256,NA,NA,-3.251,0.00115,0.005,0.00204032258064516,TRUE,FALSE,NA,NA,NA,NA,NA,NA
"FOXRED1",11,126138950,126148026,4.444,8.83e-06,0.000263818775510204,0.765,FALSE,NA,NA,NA,NA,NA,NA,NA,NA,NA,NA,NA,NA
"FUCA2",6,143815948,143832827,-2.841,0.0045,0.036804469273743,NA,NA,NA,NA,NA,NA,NA,NA,-0.0456793,0.007534273,0.3483585,0.0575430100375,TRUE,FALSE
"GDI2",10,5807186,5884095,-4.7207,2.35e-06,9.29837837837838e-05,0.025,FALSE,-4.057,4.97e-05,0.04,0.000140179487179487,TRUE,FALSE,NA,NA,NA,NA,NA,NA
"GDPD1",17,57297828,57353328,4.898,9.68e-07,4.88673103448276e-05,0.656,FALSE,4.9107,9.08e-07,0.718,4.994e-06,TRUE,FALSE,0.438728,0.0002674067,0.009251864,0.0064437235,FALSE,TRUE
"GGH",8,63927638,63951730,3.7957,0.000147,0.00253185882352941,0.04,FALSE,NA,NA,NA,NA,NA,NA,NA,NA,NA,NA,NA,NA
"GLRX3",10,131934663,131982785,-2.997,0.00273,0.025228679245283,NA,NA,NA,NA,NA,NA,NA,NA,NA,NA,NA,NA,NA,NA
"GMPPB",3,49754277,49761384,8.5512,1.22e-17,8.9304e-15,0.988,TRUE,8.939,3.93e-19,0.993,2.1615e-17,TRUE,TRUE,0.343337,5.441764e-10,0.01153485,3.324917804e-07,FALSE,TRUE
"GMPS",3,155588325,155661815,2.8265,0.00471,0.037887032967033,NA,NA,NA,NA,NA,NA,NA,NA,NA,NA,NA,NA,NA,NA
"GOPC",6,117639374,117923691,-4.998,5.81e-07,3.402336e-05,0.3,FALSE,-5.6603,1.51e-08,0.973,1.661e-07,TRUE,TRUE,-0.226786,0.001158275,0.09388993,0.0172611225609756,TRUE,TRUE
"GPD1L",3,32147181,32210205,2.773,0.00555,0.0418824742268041,NA,NA,2.0898,0.0366,0.012,0.0415051546391753,TRUE,FALSE,0.151641,0.009622573,0.8637277,0.0646087044285714,TRUE,FALSE
"GPRIN3",4,90157537,90229161,2.773935,0.00554,0.0418824742268041,NA,NA,2.4477,0.0144,0,0.0184186046511628,TRUE,FALSE,0.12479,0.005844474,0.302544,0.04761298152,TRUE,TRUE
"GPX1",3,49394609,49396033,5.882,4.05e-09,5.9292e-07,0,FALSE,5.882,4.05e-09,0,4.95e-08,TRUE,FALSE,0.175016,1.022287e-06,9.257447e-09,0.0001249234714,FALSE,TRUE
"GUCY1A3",4,156587863,156653501,-3.562542,0.000367,0.00553905154639175,0.009,FALSE,NA,NA,NA,NA,NA,NA,NA,NA,NA,NA,NA,NA
"HARS2",5,140071011,140078889,-6.139,8.3e-10,1.73588571428571e-07,0.033,FALSE,NA,NA,NA,NA,NA,NA,NA,NA,NA,NA,NA,NA
"HEXB",5,73935848,74018472,4.0661,4.78e-05,0.000999702857142857,0.044,FALSE,NA,NA,NA,NA,NA,NA,0.157889,0.00904433,0.891076,0.0614009514444444,TRUE,FALSE
"HIBADH",7,27565061,27702614,4.255,2.09e-05,0.000493509677419355,0.174,FALSE,4.3977,1.09e-05,0.199,3.86774193548387e-05,TRUE,FALSE,0.150488,0.001189599,0.4832948,0.0173058330714286,TRUE,TRUE
"HIP1R",12,123319000,123347507,-3.28,0.00104,0.0119521875,NA,NA,-3.5309,0.000414,0.004,0.00084,TRUE,FALSE,NA,NA,NA,NA,NA,NA
"HNMT",2,138721590,138773930,2.947,0.00321,0.0281403592814371,NA,NA,2.1535,0.0313,0.027,0.0362421052631579,TRUE,FALSE,0.0665753,0.006514231,0.08209985,0.0510281428333333,TRUE,FALSE
"ICA1L",2,203640690,203736708,-3.371,0.000749,0.00945289655172414,0.135,FALSE,-3.0421,0.00235,0.123,0.00368732394366197,TRUE,FALSE,-0.186544,0.002284817,0.2047435,0.0258522812407407,TRUE,TRUE
"IGLON5",19,51815102,51833608,3.1559,0.0016,0.0170978102189781,NA,NA,NA,NA,NA,NA,NA,NA,NA,NA,NA,NA,NA,NA
"INPP4A",2,99061317,99210853,-3.488,0.000487,0.00679017142857143,0.04,FALSE,-5.0255,5.02e-07,0.011,3.68133333333333e-06,TRUE,FALSE,NA,NA,NA,NA,NA,NA
"IQGAP1",15,90931450,91045475,-3.331,0.000867,0.0103194146341463,0.008,FALSE,-2.5714,0.0101,0.002,0.0132261904761905,TRUE,FALSE,NA,NA,NA,NA,NA,NA
"ISLR2",15,74392652,74430881,-3.42,0.000626,0.00840792660550459,0.004,FALSE,NA,NA,NA,NA,NA,NA,NA,NA,NA,NA,NA,NA
"KCNJ9",1,160051360,160060353,-3.5532,0.000381,0.00562176,0.219,FALSE,NA,NA,NA,NA,NA,NA,-0.0818793,0.001287929,0.3932658,0.0177648928888889,TRUE,TRUE
"KCTD5",16,2732476,2759031,-2.7808,0.00542,0.0413275,NA,NA,NA,NA,NA,NA,NA,NA,NA,NA,NA,NA,NA,NA
"KIAA0930",22,45586219,45636650,3.278,0.001045,0.0119521875,NA,NA,NA,NA,NA,NA,NA,NA,NA,NA,NA,NA,NA,NA
"KIAA1161",9,34366668,34376851,-4.7892,1.67e-06,6.98537142857143e-05,0.977,TRUE,NA,NA,NA,NA,NA,NA,-0.0896962,1.443767e-05,0.05012491,0.00110267704625,TRUE,TRUE
"KIAA1324",1,109656301,109749401,2.9974,0.00272,0.025228679245283,NA,NA,2.392,0.0168,0.001,0.021,TRUE,FALSE,0.182906,0.02895417,0.2147268,0.136164521603053,TRUE,FALSE
"KIAA1715",2,176788620,176867567,3.08,0.00207,0.0203387919463087,NA,NA,2.9804,0.00288,0.773,0.00433972602739726,TRUE,FALSE,NA,NA,NA,NA,NA,NA
"LETMD1",12,51441745,51454207,-3.0547,0.00225,0.0216710526315789,NA,NA,NA,NA,NA,NA,NA,NA,NA,NA,NA,NA,NA,NA
"LLGL1",17,18128901,18148189,4.51,6.48e-06,0.000210816,0.641,FALSE,NA,NA,NA,NA,NA,NA,NA,NA,NA,NA,NA,NA
"LOH12CR1",12,12510013,12619840,-2.8968,0.00377,0.03172,NA,NA,NA,NA,NA,NA,NA,NA,NA,NA,NA,NA,NA,NA
"LRP4",11,46878419,46940193,-3.8064,0.000141,0.00245742857142857,0.739,FALSE,-5.37353,7.72e-08,0.959,7.07666666666667e-07,TRUE,TRUE,NA,NA,NA,NA,NA,NA
"LRPPRC",2,44113647,44223144,-2.8578,0.00427,0.0353179661016949,NA,NA,NA,NA,NA,NA,NA,NA,-0.197727,0.0003937387,0.04215423,0.00776046276451613,FALSE,TRUE
"LRRC16A",6,25279306,25620758,-3.594,0.000326,0.00507727659574468,0.157,FALSE,NA,NA,NA,NA,NA,NA,-0.216913,0.02293268,0.212042,0.11580055768595,TRUE,FALSE
"LRRK2",12,40590546,40763087,-3.8961,9.78e-05,0.00176764444444444,0.086,FALSE,NA,NA,NA,NA,NA,NA,NA,NA,NA,NA,NA,NA
"LYRM2",6,90277863,90348472,3.517,0.000436,0.00613753846153846,0.205,FALSE,3.3002,0.000966,0.197,0.00174196721311475,TRUE,FALSE,0.0936905,0.00130838,0.921567,0.0177648928888889,TRUE,TRUE
"LYRM4",6,5102827,5261172,3.225,0.00126,0.0139745454545455,NA,NA,4.6567,3.21e-06,0.473,1.4124e-05,TRUE,FALSE,0.0760443,0.001842751,0.1803505,0.023070848755102,TRUE,TRUE
"LYRM9",17,26205340,26221778,-3.3562,0.00079,0.0096502,0.21,FALSE,-3.1917,0.00141,0.196,0.0024234375,TRUE,FALSE,-0.0499167,0.002428294,0.6975911,0.0258843407931035,TRUE,TRUE
"ME3",11,86152150,86383678,-3.935,8.32e-05,0.0015616,0.234,FALSE,-1.51412,0.13,NA,0.141584158415842,FALSE,NA,NA,NA,NA,NA,NA,NA
"MGST1",12,16500076,16762193,3.2155,0.0013,0.0143097744360902,NA,NA,4.5542,5.26e-06,0.479,2.06642857142857e-05,TRUE,FALSE,0.00722813,0.8370493,0.4879238,0.931579634963768,TRUE,FALSE
"MKRN1",7,140152840,140179369,4.942,7.75e-07,4.20222222222222e-05,0.992,TRUE,4.9513,7.37e-07,0.961,4.26684210526316e-06,TRUE,TRUE,0.29118,0.0001672264,0.02231293,0.00444240566956522,FALSE,TRUE
"MKRN2",3,12598513,12625212,3.3632,0.00077,0.00961525423728814,0.125,FALSE,3.962,7.43e-05,0.013,0.00019006976744186,TRUE,FALSE,0.225855,0.005229748,0.571568,0.0456482289714286,TRUE,TRUE
"MMAB",12,109991542,110011679,-3.1038,0.00191,0.0191523287671233,NA,NA,-2.3678,0.0179,0,0.0218777777777778,TRUE,FALSE,-0.0221026,0.02543584,7.454294e-05,0.125333050322581,FALSE,FALSE
"MMS19",10,99218081,99258551,2.9881,0.00281,0.025551801242236,NA,NA,NA,NA,NA,NA,NA,NA,NA,NA,NA,NA,NA,NA
"MRPL10",17,45900638,45908900,4.32,1.56e-05,0.000422933333333333,0.842,TRUE,NA,NA,NA,NA,NA,NA,0.0504555,5.291932e-05,0.4373743,0.00248720804,TRUE,TRUE
"MRPS27",5,71515236,71616473,-3.3947,0.000687,0.00914334545454545,0.08,FALSE,-1.6778,0.0934,NA,0.103777777777778,FALSE,NA,NA,NA,NA,NA,NA,NA
"NAPRT1",8,144656955,144660819,3.3616,0.000775,0.00961525423728814,0.019,FALSE,3.409,0.000651,0.033,0.00125631578947368,TRUE,FALSE,0.023523,0.007791683,0.2532781,0.0580885747317073,TRUE,FALSE
"NEK4",3,52744800,52804965,4.8319,1.35e-06,6.17625e-05,0.204,FALSE,NA,NA,NA,NA,NA,NA,NA,NA,NA,NA,NA,NA
"NFXL1",4,47849257,47916653,-4.843986,1.27e-06,5.99767741935484e-05,0.979,TRUE,-4.0892,4.33e-05,0.713,0.000125342105263158,TRUE,FALSE,-0.218977,8.520162e-05,0.4259801,0.00306224646,TRUE,TRUE
"NOS1",12,117645947,117889975,4.683,2.83e-06,0.000109029473684211,0.524,FALSE,NA,NA,NA,NA,NA,NA,NA,NA,NA,NA,NA,NA
"NRBF2",10,64893050,64914783,3.1528,0.00162,0.0171860869565217,NA,NA,NA,NA,NA,NA,NA,NA,NA,NA,NA,NA,NA,NA
"NT5C2",10,104845940,104953056,3.7214,0.000198,0.00323706666666667,0.05,FALSE,0.641,0.522,NA,0.531666666666667,FALSE,NA,NA,NA,NA,NA,NA,NA
"NUCB2",11,17229700,17371521,3.3786,0.000729,0.0094261052631579,0.978,TRUE,NA,NA,NA,NA,NA,NA,NA,NA,NA,NA,NA,NA
"NUDT6",4,123809852,123844123,-2.78144,0.00541,0.0413275,NA,NA,-3.1705,0.00152,0.161,0.00252835820895522,TRUE,FALSE,-0.023911,0.08344414,0.06878913,0.266933871937173,TRUE,FALSE
"P2RX7",12,121570622,121623876,-3.7134,0.000205,0.00326217391304348,0.019,FALSE,-3.597,0.000322,0.065,0.000694509803921569,TRUE,FALSE,-0.0245683,0.002593026,0.2067581,0.0268532014576271,TRUE,TRUE
"PACSIN2",22,43231418,43411151,3.731,0.00019,0.00316090909090909,0.925,TRUE,4.867,1.14e-06,0.932,5.97142857142857e-06,TRUE,TRUE,0.0717731,0.3638603,0.009502918,0.62624969943662,FALSE,FALSE
"PANK4",1,2439972,2458039,-2.9549,0.00313,0.0277716363636364,NA,NA,-3.0976,0.00195,0.049,0.00315441176470588,TRUE,FALSE,-0.298443,0.005018812,0.7587212,0.0452036040147059,TRUE,TRUE
"PAWR",12,79968759,80084877,3.113,0.00185,0.0186786206896552,NA,NA,NA,NA,NA,NA,NA,NA,NA,NA,NA,NA,NA,NA
"PCMT1",6,150070579,150132556,-4.746,2.07e-06,8.418e-05,0.929,TRUE,-4.7403,2.13e-06,0.925,1.01869565217391e-05,TRUE,TRUE,-0.354056,0.000141518,0.6780619,0.00403542170909091,TRUE,TRUE
"PCYOX1L",5,148737570,148749216,5.4089,6.34e-08,5.8011e-06,0.846,TRUE,NA,NA,NA,NA,NA,NA,NA,NA,NA,NA,NA,NA
"PCYT1A",3,195941093,196014828,2.7502,0.00596,0.0445175510204082,NA,NA,NA,NA,NA,NA,NA,NA,NA,NA,NA,NA,NA,NA
"PDE1B",12,54943134,54973023,-4.0397,5.35e-05,0.00110315492957746,0.008,FALSE,NA,NA,NA,NA,NA,NA,NA,NA,NA,NA,NA,NA
"PDF",16,69362524,69364498,3.146,0.00166,0.0174837410071942,NA,NA,3.529,0.000417,0.003,0.00084,TRUE,FALSE,0.138964,0.005418708,0.7125456,0.0462661085205479,TRUE,TRUE
"PDIA3",15,44038590,44065477,3.575,0.00035,0.0053375,0.019,FALSE,NA,NA,NA,NA,NA,NA,NA,NA,NA,NA,NA,NA
"PDK1",2,173420101,173489823,3.992,6.55e-05,0.00129583783783784,0.524,FALSE,2.1403,0.0323,0.044,0.0370104166666667,TRUE,FALSE,NA,NA,NA,NA,NA,NA
"PDXDC1",16,15068448,15233196,-2.7058,0.00681,0.0493556435643564,NA,NA,-2.907,0.00365,0.002,0.00532857142857143,TRUE,FALSE,NA,NA,NA,NA,NA,NA
"PLCG1",20,39765600,39811629,-4.9496,7.44e-07,4.18929230769231e-05,0.925,TRUE,-3.168,0.00154,0.008,0.00252835820895522,TRUE,FALSE,-0.433186,0.001850199,0.01859626,0.023070848755102,FALSE,TRUE
"PLCL1",2,198669426,199437305,3.9987,6.37e-05,0.0012774904109589,0.183,FALSE,NA,NA,NA,NA,NA,NA,0.242833,0.002130581,0.0275469,0.0247402200377358,FALSE,TRUE
"PLEKHA2",8,38758753,38831428,4.6253,3.74e-06,0.000133545365853659,0.185,FALSE,4.013,5.99e-05,0.18,0.000160707317073171,TRUE,FALSE,0.216889,0.0009514226,0.978148,0.0151478791,TRUE,TRUE
"PML",15,74287014,74340153,3.056,0.00224,0.0216710526315789,NA,NA,NA,NA,NA,NA,NA,NA,NA,NA,NA,NA,NA,NA
"POMGNT2",3,43120724,43147568,2.9479,0.0032,0.0281403592814371,NA,NA,0.684,0.494,NA,0.50785046728972,FALSE,NA,0.107161,0.04625882,0.4958622,0.182349284,TRUE,FALSE
"POR",7,75528518,75616173,-5.134,2.83e-07,1.88323636363636e-05,0.973,TRUE,1.3217,0.186,NA,0.198846153846154,FALSE,NA,NA,NA,NA,NA,NA,NA
"PPP2R5B",11,64685025,64701945,2.981,0.00287,0.0259362962962963,NA,NA,1.31618,0.188,NA,0.198846153846154,FALSE,NA,NA,NA,NA,NA,NA,NA
"PPP3CC",8,22298332,22398652,4.8493,1.24e-06,5.99767741935484e-05,0.934,TRUE,5.444,5.21e-08,0.987,5.21e-07,TRUE,TRUE,0.185673,2.334438e-05,0.3733076,0.00158482402,TRUE,TRUE
"PRKCB",16,23847322,24231932,2.9566,0.00311,0.0277624390243902,NA,NA,2.9303,0.00339,0.439,0.00503918918918919,TRUE,FALSE,NA,NA,NA,NA,NA,NA
"PRKCD",3,53190025,53226733,-3.434,0.000595,0.00806555555555556,0.005,FALSE,-4.169,3.06e-05,0.035,9.9e-05,TRUE,FALSE,NA,NA,NA,NA,NA,NA
"PSEN1",14,73603126,73690399,-2.958,0.0031,0.0277624390243902,NA,NA,-2.836,0.004568,0.006,0.00644205128205128,TRUE,FALSE,NA,NA,NA,NA,NA,NA
"PSMB4",1,151372010,151374420,4.241,2.23e-05,0.0005101125,0.799,FALSE,4.241,2.23e-05,0.799,7.665625e-05,TRUE,FALSE,0.053383,3.324362e-05,0.423357,0.00175521919083333,TRUE,TRUE
"RAB27B",18,52385091,52562747,8.5573,1.16e-17,8.9304e-15,0.988,TRUE,7.4047,1.31e-13,0.96,2.882e-12,TRUE,TRUE,0.167509,6.607964e-09,0.02760491,2.018733002e-06,FALSE,TRUE
"RAB7L1",1,205737114,205744588,-2.9211,0.00349,0.030232899408284,NA,NA,NA,NA,NA,NA,NA,NA,NA,NA,NA,NA,NA,NA
"RABEP1",17,5185558,5289129,-3.096,0.00196,0.01952,NA,NA,-1.813,0.0698,NA,0.0783469387755102,FALSE,NA,-0.357086,0.005503138,0.05732236,0.0462661085205479,TRUE,TRUE
"RABEPK",9,127962821,127996437,4.4272,9.55e-06,0.000279624,0.862,TRUE,NA,NA,NA,NA,NA,NA,NA,NA,NA,NA,NA,NA
"RASGRF1",15,79252289,79383115,3.353,0.000799,0.00966723966942149,0.011,FALSE,NA,NA,NA,NA,NA,NA,NA,NA,NA,NA,NA,NA
"RASGRP1",15,38780304,38857776,4.352,1.35e-05,0.000380076923076923,0.247,FALSE,NA,NA,NA,NA,NA,NA,NA,NA,NA,NA,NA,NA
"RGS6",14,72399156,73030654,-5.186,2.15e-07,1.5738e-05,0.103,FALSE,NA,NA,NA,NA,NA,NA,-0.306508,0.004459709,0.02837511,0.0432520983968254,FALSE,TRUE
"RHPN2",19,33469499,33555794,-3.945,7.98e-05,0.0015372,0.469,FALSE,NA,NA,NA,NA,NA,NA,NA,NA,NA,NA,NA,NA
"RIMS3",1,41086351,41131329,-5.006,5.56e-07,3.3916e-05,0.707,FALSE,NA,NA,NA,NA,NA,NA,NA,NA,NA,NA,NA,NA
"RIPK2",8,90769975,90803291,2.988,0.00281,0.025551801242236,NA,NA,2.209,0.0272,0.003,0.0321720430107527,TRUE,FALSE,0.17137,0.008175037,0.5752258,0.0594636619880952,TRUE,FALSE
"RLBP1",15,89753100,89764982,3.522,0.000428,0.00608341747572816,0.566,FALSE,2.8028,0.00507,0.309,0.00697125,TRUE,FALSE,0.0705244,0.0003183697,0.04710712,0.00693789867931035,FALSE,TRUE
"RMDN3",15,41028082,41048049,3.762,0.000169,0.00284386206896552,0.509,FALSE,3.3786,0.000729,0.139,0.00138258620689655,TRUE,FALSE,0.113022,0.06794555,0.008080286,0.234546503107345,FALSE,FALSE
"RUFY1",5,178977559,179037027,-3.1239,0.00178,0.0183515492957746,NA,NA,NA,NA,NA,NA,NA,NA,NA,NA,NA,NA,NA,NA
"RWDD1",6,116892530,116918838,-4.096,4.21e-05,0.000906388235294118,0.614,FALSE,NA,NA,NA,NA,NA,NA,NA,NA,NA,NA,NA,NA
"SCLY",2,238969530,239008054,4.2472,2.16e-05,0.000501942857142857,0.457,FALSE,4.11,3.96e-05,0.426,0.00011772972972973,TRUE,FALSE,0.0857574,0.000274201,0.6066725,0.0064437235,TRUE,TRUE
"SEC14L2",22,30792846,30821305,-3.024,0.002495,0.0238737254901961,NA,NA,NA,NA,NA,NA,NA,NA,NA,NA,NA,NA,NA,NA
"SELENBP1",1,151336778,151345209,-2.6997,0.00694,0.0498047058823529,NA,NA,NA,NA,NA,NA,NA,NA,-0.0493884,0.1454724,0.1602781,0.376625577966102,TRUE,FALSE
"SEPT3",22,42372276,42394225,3.004,0.002665,0.0251713548387097,NA,NA,NA,NA,NA,NA,NA,NA,NA,NA,NA,NA,NA,NA
"SHMT1",17,18231187,18266856,4.484,7.32e-06,0.000228010212765957,0.402,FALSE,4.5941,4.35e-06,0.746,1.78037037037037e-05,TRUE,FALSE,0.0670544,0.0003669979,0.03723621,0.00747452389666667,FALSE,TRUE
"SIRT5",6,13574816,13614790,3.284,0.00102,0.0118514285714286,NA,NA,2.4029,0.0163,0.004,0.0206091954022988,TRUE,FALSE,0.187193,0.001989498,0.7803643,0.0238476175294118,TRUE,TRUE
"SLC16A7",12,59989848,60176395,4.665,3.09e-06,0.000115993846153846,0.013,FALSE,4.11,3.96e-05,0.045,0.00011772972972973,TRUE,FALSE,0.180916,0.0001035888,0.2724269,0.00333119772631579,TRUE,TRUE
"SLC25A12",2,172640880,172864766,6.7273,1.73e-11,5.06544e-09,0.902,TRUE,7.3149,2.58e-13,0.949,4.73e-12,TRUE,TRUE,0.401689,2.820519e-05,0.3491201,0.001723337109,TRUE,TRUE
"SLC25A13",7,95749532,95951459,4.933,8.1e-07,4.23514285714286e-05,0.889,TRUE,NA,NA,NA,NA,NA,NA,NA,NA,NA,NA,NA,NA
"SLC39A14",8,22224762,22291642,-4.1944,2.74e-05,0.00061,0.534,FALSE,NA,NA,NA,NA,NA,NA,NA,NA,NA,NA,NA,NA
"SLC41A3",3,125725198,125820404,-2.7366,0.00621,0.0456768,NA,NA,-1.32,0.187,NA,0.198846153846154,FALSE,NA,NA,NA,NA,NA,NA,NA
"SPRYD4",12,56862301,56864763,3.939,8.18e-05,0.00155526233766234,0.553,FALSE,3.77,0.000163,0.058,0.000373541666666667,TRUE,FALSE,0.20852,0.0002995086,0.0008172664,0.00677776868888889,FALSE,TRUE
"SRPR",11,126132814,126139039,4.33,1.49e-05,0.000411577358490566,0.16,FALSE,NA,NA,NA,NA,NA,NA,NA,NA,NA,NA,NA,NA
"STAU1",20,47729878,47804904,-6.0171,1.78e-09,3.2574e-07,0.918,TRUE,NA,NA,NA,NA,NA,NA,NA,NA,NA,NA,NA,NA
"SUGP1",19,19386827,19431653,-3.5357,0.000407,0.00589948514851485,0.01,FALSE,NA,NA,NA,NA,NA,NA,NA,NA,NA,NA,NA,NA
"TAOK3",12,118587606,118810750,-5.4458,5.16e-08,5.39588571428571e-06,0.924,TRUE,-2.1966,0.0281,0.186,0.0328829787234043,TRUE,FALSE,NA,NA,NA,NA,NA,NA
"TBCA",5,76986991,77164604,-4.2662,1.99e-05,0.0004776,0.239,FALSE,NA,NA,NA,NA,NA,NA,NA,NA,NA,NA,NA,NA
"TECPR2",14,102829300,102968818,3.119,0.00181,0.0185303496503497,NA,NA,2.347,0.018924,0,0.0228751648351648,TRUE,FALSE,NA,NA,NA,NA,NA,NA
"THRAP3",1,36690017,36770958,3.3873,0.000706,0.00931156756756757,0.014,FALSE,NA,NA,NA,NA,NA,NA,NA,NA,NA,NA,NA,NA
"THUMPD3",3,9404526,9428475,2.8345,0.00459,0.0371257458563536,NA,NA,2.7686,0.00563,0.259,0.00755243902439024,TRUE,FALSE,NA,NA,NA,NA,NA,NA
"TKT",3,53258723,53290068,4.5421,5.57e-06,0.000189639069767442,0.008,FALSE,NA,NA,NA,NA,NA,NA,0.221383,0.002146042,0.2600442,0.0247402200377358,TRUE,TRUE
"TMA16",4,164415594,164441691,2.735,0.00624,0.0456768,NA,NA,2.9,0.00373,0.04,0.00532857142857143,TRUE,FALSE,0.0414682,0.008836485,0.2312654,0.0611808991460674,TRUE,FALSE
"TMEM106B",7,12250867,12282993,5.233,1.67e-07,1.28677894736842e-05,0.849,TRUE,-9.6274,6.12e-22,0.992,6.732e-20,FALSE,TRUE,0.138419,9.14211e-05,0.000171604,0.00310323845,FALSE,TRUE
"TMEM120A",7,75616155,75623977,4.009,6.09e-05,0.0012383,0.329,FALSE,NA,NA,NA,NA,NA,NA,NA,NA,NA,NA,NA,NA
"TMEM143",19,48835613,48867494,-3.6894,0.000225,0.00354193548387097,0,FALSE,NA,NA,NA,NA,NA,NA,NA,NA,NA,NA,NA,NA
"TMEM33",4,41937137,41962589,4.794,1.63e-06,6.98537142857143e-05,0.258,FALSE,NA,NA,NA,NA,NA,NA,NA,NA,NA,NA,NA,NA
"TOP3B",22,22311397,22337213,2.804,0.005046,0.0397169032258065,NA,NA,NA,NA,NA,NA,NA,NA,NA,NA,NA,NA,NA,NA
"TPP2",13,103249353,103331521,3.766,0.000166,0.00282586046511628,0.118,FALSE,NA,NA,NA,NA,NA,NA,NA,NA,NA,NA,NA,NA
"TREX1",3,48506445,48509044,4.4953,6.95e-06,0.000221191304347826,0.057,FALSE,3.9394,8.17e-05,0.025,0.00020425,TRUE,FALSE,NA,NA,NA,NA,NA,NA
"TRIM47",17,73870242,73874656,-3.3024,0.000959,0.011231808,0.346,FALSE,-5.2638,1.41e-07,0.989,1.10785714285714e-06,TRUE,TRUE,-0.107389,0.005527702,0.04495757,0.0462661085205479,FALSE,TRUE
"TRIM65",17,73876416,73893084,3.7132,0.000205,0.00326217391304348,0.067,FALSE,NA,NA,NA,NA,NA,NA,0.088664,0.002457106,0.05470945,0.0258843407931035,TRUE,TRUE
"TRMT61B",2,29072687,29093167,-4.532,5.84e-06,0.000194312727272727,0.922,TRUE,-2.4888,0.0128,0.789,0.0165647058823529,TRUE,FALSE,-0.0768458,0.0001442393,0.1341904,0.00403542170909091,TRUE,TRUE
"TSFM",12,58176372,58201854,5.416,6.09e-08,5.8011e-06,0.819,TRUE,5.354,8.6e-08,0.764,7.27692307692308e-07,TRUE,FALSE,0.183952,7.816833e-06,0.1194358,0.000682297851857143,TRUE,TRUE
"TTYH3",7,2671585,2704436,3.532,0.000413,0.00592776470588235,0.032,FALSE,NA,NA,NA,NA,NA,NA,NA,NA,NA,NA,NA,NA
"UAP1L1",9,139971953,139978991,-3.552,0.000382,0.00562176,0.226,FALSE,-3.50182,0.000462,0.203,0.0009075,TRUE,FALSE,-0.11076,0.001151979,0.5805627,0.0172611225609756,TRUE,TRUE
"UBE3B",12,109915207,109974507,4.799,1.59e-06,6.98537142857143e-05,0.038,FALSE,NA,NA,NA,NA,NA,NA,NA,NA,NA,NA,NA,NA
"UQCC2",6,33662070,33679504,4.354,1.34e-05,0.000380076923076923,0.642,FALSE,NA,NA,NA,NA,NA,NA,NA,NA,NA,NA,NA,NA
"USP47",11,11862970,11980870,2.788,0.0053,0.0408378947368421,NA,NA,NA,NA,NA,NA,NA,NA,NA,NA,NA,NA,NA,NA
"VASN",16,4421849,4433529,3.3716,0.000747,0.00945289655172414,0.006,FALSE,NA,NA,NA,NA,NA,NA,NA,NA,NA,NA,NA,NA
"VAV3",1,108113782,108507766,4.3,1.71e-05,0.000454885714285714,0.01,FALSE,NA,NA,NA,NA,NA,NA,NA,NA,NA,NA,NA,NA
"VPS4A",16,69345259,69358949,3.1383,0.0017,0.0176510638297872,NA,NA,2.303,0.0213,0.163,0.0254673913043478,TRUE,FALSE,NA,NA,NA,NA,NA,NA
"WIPF3",7,29846102,29956682,3.376,0.000734,0.0094261052631579,0.007,FALSE,4.7618,1.92e-06,0.346,9.6e-06,TRUE,FALSE,0.128943,0.004603661,0.6408752,0.0435913784090909,TRUE,TRUE
"XRCC6BP1",12,58335324,58351052,5.574,2.49e-08,3.31396363636364e-06,0.58,FALSE,NA,NA,NA,NA,NA,NA,NA,NA,NA,NA,NA,NA
"YOD1",1,207217194,207226325,2.996,0.00274,0.025228679245283,NA,NA,3.6011,0.000317,0.317,0.000694509803921569,TRUE,FALSE,NA,NA,NA,NA,NA,NA
"ZMPSTE24",1,40723779,40759856,2.706,0.00681,0.0493556435643564,NA,NA,2.7061,0.00681,0.016,0.00902530120481928,TRUE,FALSE,0.214068,0.01284503,0.6005226,0.0809104467010309,TRUE,FALSE
