ENSID	Gene	Chrom_b37	pos_start_b37	pos_end_b37	Chrom_b38	pos_start_b38	pos_end_b38	Nearest_gene	Fine_mapping	Expression	Protein	fastBAT	HMAGMA	PsyOPS
ENSG00000142599	RERE	1	8412457	8877702	1	8352397	8848921	TRUE	TRUE	FALSE	FALSE	TRUE	TRUE	TRUE
ENSG00000232912	RERE-AS1	1	8484705	8494898	1	8424645	8435013	FALSE	FALSE	TRUE	FALSE	TRUE	TRUE	FALSE
ENSG00000224321	RPL12P14	1	16119291	16119780	1	15792796	15793285	TRUE	FALSE	FALSE	FALSE	TRUE	TRUE	FALSE
ENSG00000065526	SPEN	1	16174359	16266955	1	15836095	15940456	FALSE	FALSE	FALSE	FALSE	TRUE	TRUE	TRUE
ENSG00000117148	ACTL8	1	18081808	18153558	1	17755333	17827063	TRUE	FALSE	FALSE	FALSE	TRUE	TRUE	FALSE
ENSG00000117154	IGSF21	1	18434240	18704977	1	18107798	18378483	FALSE	FALSE	FALSE	FALSE	TRUE	TRUE	TRUE
ENSG00000116544	DLGAP3	1	35331037	35395186	1	34865436	34929650	FALSE	FALSE	FALSE	FALSE	TRUE	FALSE	TRUE
ENSG00000146463	ZMYM4	1	35734568	35887659	1	35268709	35422058	TRUE	TRUE	FALSE	FALSE	TRUE	TRUE	FALSE
ENSG00000163873	GRIK3	1	37261128	37499730	1	36795527	37034515	FALSE	FALSE	FALSE	FALSE	TRUE	TRUE	TRUE
ENSG00000207328	RNU6-636P	1	37669211	37669317	1	37203610	37203716	TRUE	FALSE	FALSE	FALSE	TRUE	TRUE	FALSE
ENSG00000223944	RP5-1180C18.1	1	37728340	37790701	1	37154761	37325100	FALSE	TRUE	FALSE	FALSE	TRUE	TRUE	FALSE
ENSG00000183431	SF3A3	1	38422647	38456593	1	37956975	37990075	TRUE	FALSE	FALSE	FALSE	TRUE	TRUE	TRUE
ENSG00000186094	AGBL4	1	48998527	50489585	1	48532854	50023954	TRUE	FALSE	FALSE	FALSE	TRUE	TRUE	TRUE
ENSG00000162374	ELAVL4	1	50513686	50669458	1	50024029	50203772	FALSE	FALSE	TRUE	FALSE	TRUE	TRUE	FALSE
ENSG00000078618	NRDC	1	52254863	52344477	1	51789191	51878805	TRUE	TRUE	TRUE	FALSE	TRUE	TRUE	FALSE
ENSG00000169213	RAB3B	1	52373628	52456436	1	51907956	51990700	FALSE	FALSE	FALSE	FALSE	TRUE	TRUE	TRUE
ENSG00000162599	NFIA	1	61330931	61928465	1	60865259	61462788	TRUE	TRUE	FALSE	FALSE	TRUE	TRUE	TRUE
ENSG00000116678	LEPR	1	65886248	66107242	1	65420652	65641559	FALSE	FALSE	FALSE	FALSE	FALSE	TRUE	TRUE
ENSG00000184588	PDE4B	1	66258197	66840259	1	65792514	66374579	TRUE	TRUE	FALSE	FALSE	TRUE	TRUE	FALSE
ENSG00000118473	SGIP1	1	66999066	67213982	1	66533267	66751139	FALSE	FALSE	FALSE	FALSE	TRUE	TRUE	TRUE
ENSG00000116704	SLC35D1	1	67465015	67519782	1	66999350	67054148	TRUE	FALSE	FALSE	FALSE	TRUE	TRUE	FALSE
ENSG00000172260	NEGR1	1	71861623	72748417	1	71395943	72282539	TRUE	FALSE	FALSE	FALSE	TRUE	TRUE	TRUE
ENSG00000227207	RPL31P12	1	72767155	72767512	1	72301472	72301829	FALSE	FALSE	TRUE	FALSE	TRUE	TRUE	FALSE
ENSG00000251825	RN7SKP19	1	73657287	73657538	1	73191604	73191855	TRUE	FALSE	FALSE	FALSE	TRUE	TRUE	FALSE
ENSG00000225598	RP11-339D23.1	1	80839049	80840306	1	80373364	80374621	TRUE	FALSE	FALSE	FALSE	TRUE	TRUE	FALSE
ENSG00000233008	LINC01725	1	84041459	84326706	1	83575776	83861053	TRUE	TRUE	FALSE	FALSE	TRUE	TRUE	FALSE
ENSG00000137941	TTLL7	1	84330711	84464833	1	83865024	83999150	FALSE	FALSE	FALSE	FALSE	TRUE	TRUE	TRUE
ENSG00000097033	SH3GLB1	1	87170259	87213867	1	86704570	86748184	FALSE	FALSE	FALSE	FALSE	TRUE	FALSE	TRUE
ENSG00000183291	SELENOF	1	87328132	87380107	1	86862445	86914424	TRUE	FALSE	FALSE	FALSE	TRUE	TRUE	FALSE
ENSG00000143013	LMO4	1	87794151	87814606	1	87328880	87348923	FALSE	FALSE	FALSE	FALSE	TRUE	TRUE	TRUE
ENSG00000199318	RNA5SP52	1	87918923	87919056	1	87453240	87453373	TRUE	FALSE	FALSE	FALSE	TRUE	TRUE	FALSE
ENSG00000237505	PKN2-AS1	1	89003196	89150887	1	87620803	88685204	FALSE	TRUE	FALSE	FALSE	TRUE	FALSE	FALSE
ENSG00000065243	PKN2	1	89149905	89301938	1	88684222	88836255	FALSE	FALSE	FALSE	FALSE	TRUE	FALSE	TRUE
ENSG00000231987	LINC01787	1	96719625	96839681	1	96254069	96374125	TRUE	FALSE	FALSE	FALSE	TRUE	TRUE	FALSE
ENSG00000117569	PTBP2	1	97187221	97289294	1	96721665	96823738	FALSE	FALSE	FALSE	FALSE	TRUE	TRUE	TRUE
ENSG00000143614	GATAD2B	1	153777201	153895451	1	153789030	153923360	FALSE	FALSE	FALSE	FALSE	TRUE	TRUE	TRUE
ENSG00000143569	UBAP2L	1	154192655	154243986	1	154220179	154271510	TRUE	FALSE	FALSE	FALSE	TRUE	TRUE	FALSE
ENSG00000160716	CHRNB2	1	154540257	154552502	1	154567778	154580013	FALSE	FALSE	FALSE	FALSE	TRUE	TRUE	TRUE
ENSG00000160710	ADAR	1	154554538	154600475	1	154581695	154628013	TRUE	FALSE	FALSE	FALSE	TRUE	TRUE	FALSE
ENSG00000203601	LINC00970	1	168873143	169056243	1	168903905	169087005	TRUE	FALSE	FALSE	FALSE	TRUE	TRUE	FALSE
ENSG00000143153	ATP1B1	1	169074935	169101960	1	169105697	169310992	FALSE	FALSE	FALSE	FALSE	TRUE	FALSE	TRUE
ENSG00000234741	GAS5	1	173833038	173838020	1	173858559	173868882	FALSE	FALSE	TRUE	FALSE	TRUE	TRUE	FALSE
ENSG00000143207	COP1	1	175913967	176176629	1	175944831	176207286	FALSE	FALSE	TRUE	FALSE	TRUE	TRUE	TRUE
ENSG00000225904	MORF4L1P7	1	176336835	176337537	1	176367699	176368401	TRUE	FALSE	FALSE	FALSE	TRUE	TRUE	FALSE
ENSG00000198797	BRINP2	1	177140633	177251558	1	177170958	177282422	FALSE	FALSE	FALSE	FALSE	TRUE	TRUE	TRUE
ENSG00000227579	RP1-35C21.2	1	177362423	177566844	1	177392667	177920152	TRUE	TRUE	FALSE	FALSE	TRUE	FALSE	FALSE
ENSG00000198216	CACNA1E	1	181382238	181777219	1	181317690	181813262	TRUE	TRUE	FALSE	FALSE	TRUE	TRUE	TRUE
ENSG00000162670	BRINP3	1	190066792	190446759	1	190097658	190478404	TRUE	FALSE	FALSE	FALSE	TRUE	TRUE	TRUE
ENSG00000134376	CRB1	1	197170592	197447585	1	197268204	197478455	TRUE	FALSE	FALSE	FALSE	TRUE	TRUE	TRUE
ENSG00000151418	ATP6V1G3	1	198492352	198510075	1	198523222	198540945	TRUE	FALSE	FALSE	FALSE	TRUE	TRUE	FALSE
ENSG00000081237	PTPRC	1	198607801	198726545	1	198638457	198757476	FALSE	FALSE	FALSE	FALSE	TRUE	TRUE	TRUE
ENSG00000134369	NAV1	1	201592411	201796102	1	201539127	201826969	TRUE	TRUE	FALSE	FALSE	TRUE	TRUE	TRUE
ENSG00000231871	IPO9-AS1	1	201657387	201798687	1	201688259	201829559	FALSE	TRUE	FALSE	FALSE	TRUE	FALSE	FALSE
ENSG00000230461	PROX1-AS1	1	213991094	214160973	1	213817751	213988508	TRUE	TRUE	FALSE	FALSE	TRUE	TRUE	FALSE
ENSG00000117707	PROX1	1	214156524	214214595	1	213983181	214041510	FALSE	FALSE	FALSE	FALSE	TRUE	TRUE	TRUE
ENSG00000143499	SMYD2	1	214454445	214510474	1	214281102	214337131	TRUE	FALSE	FALSE	FALSE	TRUE	TRUE	FALSE
ENSG00000042781	USH2A	1	215796236	216596738	1	215622891	216423448	TRUE	TRUE	FALSE	FALSE	TRUE	TRUE	FALSE
ENSG00000196482	ESRRG	1	216676588	217311097	1	216503246	217137755	TRUE	TRUE	FALSE	FALSE	TRUE	TRUE	TRUE
ENSG00000143772	ITPKB	1	226819391	226927024	1	226631690	226739323	FALSE	FALSE	FALSE	FALSE	TRUE	TRUE	TRUE
ENSG00000238183	RPS27P5	1	226969202	226969445	1	226781501	226781744	TRUE	FALSE	FALSE	FALSE	TRUE	TRUE	FALSE
ENSG00000143801	PSEN2	1	227057885	227083806	1	226870184	226927726	FALSE	FALSE	TRUE	FALSE	TRUE	TRUE	FALSE
ENSG00000182901	RGS7	1	240931554	241520530	1	240767636	241357374	FALSE	FALSE	FALSE	FALSE	TRUE	FALSE	TRUE
ENSG00000054277	OPN3	1	241753404	241840678	1	241590102	241677376	TRUE	TRUE	TRUE	FALSE	TRUE	TRUE	FALSE
ENSG00000179456	ZBTB18	1	244214585	244220778	1	244048547	244057476	FALSE	FALSE	FALSE	FALSE	TRUE	TRUE	TRUE
ENSG00000162849	KIF26B	1	245318287	245872733	1	245154985	245709432	FALSE	FALSE	FALSE	FALSE	FALSE	TRUE	TRUE
ENSG00000185420	SMYD3	1	245912642	246670614	1	245749342	246507312	TRUE	TRUE	FALSE	FALSE	TRUE	TRUE	FALSE
ENSG00000285622	NA	NA	NA	NA	1	168695874	169103296	FALSE	TRUE	FALSE	FALSE	TRUE	FALSE	FALSE
ENSG00000176887	SOX11	2	5832799	5841516	2	5692384	5701385	FALSE	FALSE	FALSE	FALSE	TRUE	TRUE	TRUE
ENSG00000236106	AC010729.2	2	5866581	5870474	2	5726253	5730355	TRUE	FALSE	FALSE	FALSE	TRUE	TRUE	FALSE
ENSG00000151694	ADAM17	2	9628615	9695921	2	9488486	9556732	FALSE	FALSE	FALSE	FALSE	FALSE	FALSE	TRUE
ENSG00000260077	RP11-254F7.2	2	10179219	10180790	2	10039092	10040663	FALSE	FALSE	TRUE	FALSE	TRUE	TRUE	FALSE
ENSG00000172059	KLF11	2	10182976	10194963	2	10042849	10054836	TRUE	FALSE	FALSE	FALSE	TRUE	FALSE	FALSE
ENSG00000151779	NBAS	2	15307032	15701454	2	15166916	15561340	TRUE	TRUE	FALSE	FALSE	TRUE	TRUE	FALSE
ENSG00000079785	DDX1	2	15731302	15771235	2	15591178	15634346	FALSE	FALSE	FALSE	FALSE	TRUE	TRUE	TRUE
ENSG00000233005	AC067959.1	2	21444047	22193831	2	21221169	21970959	FALSE	TRUE	FALSE	FALSE	TRUE	FALSE	FALSE
ENSG00000231200	AC068490.2	2	22156208	22753977	NA	NA	NA	TRUE	FALSE	FALSE	FALSE	FALSE	TRUE	FALSE
ENSG00000228999	AC068490.1	2	22167481	22188423	2	21932662	22536322	TRUE	FALSE	FALSE	FALSE	TRUE	TRUE	FALSE
ENSG00000115216	NRBP1	2	27650657	27665126	2	27427790	27442259	FALSE	FALSE	FALSE	FALSE	TRUE	TRUE	TRUE
ENSG00000171174	RBKS	2	28004231	28113965	2	27781379	27890681	TRUE	FALSE	FALSE	FALSE	TRUE	TRUE	FALSE
ENSG00000171103	TRMT61B	2	29072687	29093167	2	28849821	28870309	FALSE	FALSE	FALSE	TRUE	TRUE	TRUE	FALSE
ENSG00000138095	LRPPRC	2	44113647	44223144	2	43886224	43996226	TRUE	FALSE	FALSE	FALSE	TRUE	TRUE	FALSE
ENSG00000138078	PREPL	2	44543420	44589001	2	44316281	44361862	FALSE	FALSE	FALSE	FALSE	TRUE	TRUE	TRUE
ENSG00000179915	NRXN1	2	50145643	51259674	2	49918503	51225575	TRUE	TRUE	FALSE	FALSE	TRUE	TRUE	TRUE
ENSG00000271615	ACTG1P22	2	57982563	57993187	2	57755428	57767215	TRUE	TRUE	FALSE	FALSE	TRUE	TRUE	FALSE
ENSG00000028116	VRK2	2	58134786	58387055	2	57907629	58159920	FALSE	FALSE	FALSE	FALSE	TRUE	TRUE	TRUE
ENSG00000115392	FANCL	2	58386378	58468507	2	58159243	58241410	FALSE	FALSE	TRUE	FALSE	TRUE	TRUE	FALSE
ENSG00000233723	LINC01122	2	58654934	59290901	2	58427738	59063766	TRUE	FALSE	FALSE	FALSE	TRUE	TRUE	FALSE
ENSG00000271955	RP11-444A22.1	2	59445815	60327335	2	59218680	60100200	TRUE	FALSE	FALSE	FALSE	TRUE	TRUE	FALSE
ENSG00000115507	OTX1	2	63277192	63284971	2	63050057	63057836	FALSE	FALSE	FALSE	FALSE	TRUE	FALSE	TRUE
ENSG00000270437	RP11-511I11.2	2	63310143	63314457	2	63083008	63087322	TRUE	FALSE	FALSE	FALSE	TRUE	TRUE	FALSE
ENSG00000075292	ZNF638	2	71503691	71662199	2	71276561	71435069	TRUE	FALSE	FALSE	FALSE	TRUE	TRUE	TRUE
ENSG00000251947	RN7SKP164	2	76822539	76822804	2	76595413	76595678	TRUE	FALSE	FALSE	FALSE	TRUE	TRUE	FALSE
ENSG00000176204	LRRTM4	2	76974845	77820445	2	76747685	77593319	FALSE	FALSE	FALSE	FALSE	TRUE	FALSE	TRUE
ENSG00000115548	KDM3A	2	86667770	86719839	2	86440647	86492716	FALSE	FALSE	FALSE	FALSE	TRUE	TRUE	TRUE
ENSG00000115561	CHMP3	2	86730554	86948245	2	86503430	86563479	TRUE	FALSE	FALSE	FALSE	TRUE	TRUE	FALSE
ENSG00000135945	REV1	2	100016938	100106497	2	99400475	99490035	TRUE	FALSE	FALSE	FALSE	TRUE	TRUE	FALSE
ENSG00000144218	AFF3	2	100162323	100759201	2	99545419	100192428	FALSE	FALSE	FALSE	FALSE	TRUE	TRUE	TRUE
ENSG00000232597	AC013727.1	2	104473428	104496667	2	103855829	103869651	TRUE	FALSE	FALSE	FALSE	TRUE	TRUE	FALSE
ENSG00000233955	AHCYP3	2	105011460	105012738	2	104395002	104396280	TRUE	FALSE	FALSE	FALSE	TRUE	TRUE	FALSE
ENSG00000114999	TTL	2	113239731	113299316	2	112482156	112541739	TRUE	FALSE	FALSE	FALSE	TRUE	TRUE	FALSE
ENSG00000125630	POLR1B	2	113299492	113334635	2	112541915	112579818	FALSE	FALSE	FALSE	FALSE	TRUE	FALSE	TRUE
ENSG00000155052	CNTNAP5	2	124782864	125672864	2	124025287	124921219	TRUE	TRUE	FALSE	FALSE	TRUE	TRUE	TRUE
ENSG00000144229	THSD7B	2	137523115	138435287	2	136765545	137677718	TRUE	TRUE	FALSE	FALSE	TRUE	TRUE	TRUE
ENSG00000168702	LRP1B	2	140988992	142889270	2	140231423	142131016	TRUE	TRUE	FALSE	FALSE	TRUE	TRUE	TRUE
ENSG00000075884	ARHGAP15	2	143848931	144525921	2	143091362	143768352	TRUE	TRUE	FALSE	FALSE	TRUE	TRUE	TRUE
ENSG00000228655	AC096558.1	2	144052990	144238358	2	143295421	143598002	FALSE	TRUE	FALSE	FALSE	TRUE	TRUE	FALSE
ENSG00000226674	TEX41	2	145425534	145940216	2	144666312	145262988	TRUE	TRUE	FALSE	FALSE	TRUE	TRUE	FALSE
ENSG00000233842	AC062031.1	2	146672658	146688714	2	145872209	145931146	TRUE	FALSE	FALSE	FALSE	TRUE	TRUE	FALSE
ENSG00000157827	FMNL2	2	153191751	153506348	2	152335174	152649826	TRUE	FALSE	FALSE	FALSE	TRUE	TRUE	TRUE
ENSG00000144278	GALNT13	2	154728426	155310361	2	153871922	154453979	TRUE	TRUE	FALSE	FALSE	TRUE	TRUE	TRUE
ENSG00000162989	KCNJ3	2	155554811	155714863	2	154697855	154858354	FALSE	FALSE	FALSE	FALSE	TRUE	TRUE	TRUE
ENSG00000223197	RNU6-1001P	2	155945951	155946050	2	155089439	155089538	TRUE	FALSE	FALSE	FALSE	TRUE	TRUE	FALSE
ENSG00000153234	NR4A2	2	157180944	157198860	2	156324437	156342348	TRUE	FALSE	FALSE	FALSE	TRUE	TRUE	TRUE
ENSG00000123636	BAZ2B	2	160175490	160473203	2	159318979	159616569	TRUE	FALSE	FALSE	FALSE	TRUE	TRUE	TRUE
ENSG00000153250	RBMS1	2	161128662	161350305	2	160272151	160493807	FALSE	FALSE	FALSE	FALSE	TRUE	TRUE	TRUE
ENSG00000136560	TANK	2	161993419	162092732	2	161136908	161236230	TRUE	FALSE	TRUE	FALSE	TRUE	TRUE	FALSE
ENSG00000115233	PSMD14	2	162164549	162268228	2	161308425	161411717	TRUE	FALSE	FALSE	FALSE	TRUE	TRUE	FALSE
ENSG00000237844	AC092684.1	2	164606083	165208733	2	163743913	164352223	TRUE	TRUE	FALSE	FALSE	TRUE	TRUE	FALSE
ENSG00000115290	GRB14	2	165349322	165478358	2	164492417	164621482	FALSE	FALSE	FALSE	FALSE	TRUE	TRUE	TRUE
ENSG00000115840	SLC25A12	2	172640880	172864766	2	171783405	171999859	FALSE	FALSE	FALSE	TRUE	TRUE	TRUE	FALSE
ENSG00000172878	METAP1D	2	172864490	172947158	2	171999943	172082430	TRUE	FALSE	FALSE	FALSE	TRUE	TRUE	FALSE
ENSG00000115844	DLX2	2	172964167	172967628	2	172099438	172102900	FALSE	FALSE	FALSE	FALSE	TRUE	TRUE	TRUE
ENSG00000091428	RAPGEF4	2	173600002	173917621	2	172735274	173052893	TRUE	TRUE	TRUE	FALSE	TRUE	TRUE	TRUE
ENSG00000172845	SP3	2	174771187	174830430	2	173880850	173965373	FALSE	FALSE	FALSE	FALSE	TRUE	TRUE	TRUE
ENSG00000138433	CIR1	2	175212750	175260443	2	174348022	174395712	TRUE	TRUE	TRUE	FALSE	TRUE	TRUE	FALSE
ENSG00000223976	EXTL2P1	2	176707615	176708030	2	175842887	175843302	TRUE	FALSE	FALSE	FALSE	TRUE	TRUE	FALSE
ENSG00000170178	HOXD12	2	176964458	176966408	2	176099795	176102489	FALSE	FALSE	FALSE	FALSE	TRUE	FALSE	TRUE
ENSG00000170396	ZNF804A	2	185463093	185804219	2	184598529	184939492	TRUE	FALSE	TRUE	FALSE	TRUE	TRUE	TRUE
ENSG00000235852	AC005540.3	2	191745523	191746785	2	190880797	190882059	TRUE	FALSE	FALSE	FALSE	TRUE	FALSE	FALSE
ENSG00000115415	STAT1	2	191829084	191885686	2	190908460	191020960	FALSE	FALSE	FALSE	FALSE	TRUE	FALSE	TRUE
ENSG00000144381	HSPD1	2	198351305	198381461	2	197486584	197516737	FALSE	FALSE	FALSE	FALSE	TRUE	TRUE	TRUE
ENSG00000115540	MOB4	2	198380295	198418423	2	197515571	197553699	TRUE	FALSE	FALSE	FALSE	TRUE	TRUE	FALSE
ENSG00000224342	AC007879.1	2	208038358	208087514	2	207173634	207222790	TRUE	FALSE	FALSE	FALSE	TRUE	TRUE	FALSE
ENSG00000118260	CREB1	2	208394461	208468155	2	207529737	207605988	FALSE	FALSE	FALSE	FALSE	TRUE	TRUE	TRUE
ENSG00000224137	LINC01857	2	208527099	208531748	2	207662375	207679116	TRUE	FALSE	FALSE	FALSE	TRUE	TRUE	FALSE
ENSG00000240286	MEAF6P1	2	210043528	210046742	2	209178804	209182018	TRUE	FALSE	FALSE	FALSE	TRUE	TRUE	FALSE
ENSG00000078018	MAP2	2	210288782	210598842	2	209424047	209734118	FALSE	FALSE	FALSE	FALSE	TRUE	TRUE	TRUE
ENSG00000178568	ERBB4	2	212240446	213403565	2	211375717	212538841	TRUE	TRUE	FALSE	FALSE	TRUE	TRUE	TRUE
ENSG00000197585	AC107218.3	2	215114764	215548970	2	214241676	214684246	FALSE	TRUE	FALSE	FALSE	TRUE	TRUE	FALSE
ENSG00000174453	VWC2L	2	215275789	215443683	2	214411054	214578976	TRUE	FALSE	FALSE	FALSE	TRUE	TRUE	TRUE
ENSG00000116106	EPHA4	2	222282747	222438922	2	221418027	221574202	FALSE	FALSE	FALSE	FALSE	TRUE	TRUE	TRUE
ENSG00000226331	RPL23AP28	2	222909244	222909713	2	222044525	222044994	TRUE	FALSE	FALSE	FALSE	TRUE	FALSE	FALSE
ENSG00000144460	NYAP2	2	226265364	226518734	2	225399710	225729887	TRUE	TRUE	FALSE	FALSE	TRUE	TRUE	TRUE
ENSG00000273301	RP11-314B1.2	2	226563230	226568370	NA	NA	NA	FALSE	FALSE	TRUE	FALSE	TRUE	TRUE	FALSE
ENSG00000204120	GIGYF2	2	233562009	233725285	2	232697299	232860605	TRUE	TRUE	FALSE	FALSE	TRUE	TRUE	TRUE
ENSG00000130294	KIF1A	2	241653181	241759725	2	240713761	240824293	TRUE	TRUE	FALSE	FALSE	TRUE	TRUE	TRUE
ENSG00000144619	CNTN4	3	2140497	3099645	3	2098813	3057959	TRUE	TRUE	FALSE	FALSE	TRUE	TRUE	TRUE
ENSG00000157152	SYN2	3	12045876	12232900	3	12004388	12192032	TRUE	FALSE	FALSE	FALSE	TRUE	TRUE	TRUE
ENSG00000154822	PLCL2	3	16844159	17132086	3	16802651	17090604	TRUE	TRUE	FALSE	FALSE	TRUE	TRUE	TRUE
ENSG00000182568	SATB1	3	18386879	18487080	3	18345377	18445621	FALSE	FALSE	FALSE	FALSE	TRUE	TRUE	TRUE
ENSG00000228956	SATB1-AS1	3	18486516	18959184	3	18445024	18923280	TRUE	TRUE	FALSE	FALSE	TRUE	TRUE	FALSE
ENSG00000163788	SNRK	3	43328004	43466256	3	43286512	43424764	FALSE	FALSE	FALSE	FALSE	TRUE	TRUE	TRUE
ENSG00000160746	ANO10	3	43396351	43733086	3	43354859	43691594	TRUE	TRUE	FALSE	FALSE	TRUE	TRUE	FALSE
ENSG00000225873	C3orf86	3	44462619	44465499	3	44421127	44439946	TRUE	FALSE	FALSE	FALSE	TRUE	TRUE	FALSE
ENSG00000185219	ZNF445	3	44481262	44519162	3	44431705	44477670	FALSE	FALSE	TRUE	FALSE	TRUE	TRUE	TRUE
ENSG00000185909	KLHDC8B	3	49209044	49213917	3	49171598	49176486	TRUE	FALSE	FALSE	FALSE	TRUE	TRUE	FALSE
ENSG00000233276	GPX1	3	49394609	49396033	3	49357176	49358353	FALSE	FALSE	TRUE	FALSE	TRUE	TRUE	FALSE
ENSG00000164061	BSN	3	49591922	49708978	3	49554477	49671549	FALSE	FALSE	FALSE	FALSE	TRUE	TRUE	TRUE
ENSG00000010327	STAB1	3	52529354	52558511	3	52495338	52524495	TRUE	FALSE	FALSE	FALSE	TRUE	TRUE	FALSE
ENSG00000163939	PBRM1	3	52579368	52719933	3	52545352	52685917	FALSE	FALSE	FALSE	FALSE	TRUE	TRUE	TRUE
ENSG00000157445	CACNA2D3	3	54156574	55108584	3	54122547	55074557	TRUE	TRUE	FALSE	FALSE	TRUE	TRUE	TRUE
ENSG00000189283	FHIT	3	59735036	61237133	3	59747277	61251459	TRUE	FALSE	FALSE	FALSE	TRUE	TRUE	TRUE
ENSG00000144724	PTPRG	3	61547243	62283288	3	61561569	62297609	TRUE	TRUE	FALSE	FALSE	TRUE	TRUE	TRUE
ENSG00000240405	SAMMSON	3	70048728	70064469	3	69999550	70518064	FALSE	TRUE	FALSE	FALSE	TRUE	FALSE	FALSE
ENSG00000242120	MDFIC2	3	70246045	70361877	3	70194479	70312638	TRUE	FALSE	FALSE	FALSE	TRUE	TRUE	TRUE
ENSG00000114861	FOXP1	3	71003844	71633140	3	70954693	71583978	TRUE	TRUE	FALSE	FALSE	TRUE	TRUE	TRUE
ENSG00000163421	PROK2	3	71820807	71834357	3	71771655	71785206	TRUE	FALSE	FALSE	FALSE	TRUE	TRUE	FALSE
ENSG00000185008	ROBO2	3	75955846	77699115	3	75906695	77649964	TRUE	TRUE	FALSE	FALSE	TRUE	TRUE	TRUE
ENSG00000114455	HHLA2	3	108015376	108097132	3	108296529	108378285	TRUE	FALSE	FALSE	FALSE	TRUE	TRUE	FALSE
ENSG00000144821	MYH15	3	108099216	108248169	3	108380368	108529322	FALSE	FALSE	FALSE	FALSE	TRUE	TRUE	TRUE
ENSG00000181722	ZBTB20	3	114056941	114866118	3	114314500	115147288	TRUE	TRUE	FALSE	FALSE	TRUE	TRUE	TRUE
ENSG00000185565	LSAMP	3	115521235	117716095	3	115802363	117139389	TRUE	TRUE	FALSE	FALSE	TRUE	TRUE	TRUE
ENSG00000243276	RP11-384F7.1	3	117723666	118276515	3	118004819	118810836	TRUE	FALSE	FALSE	FALSE	TRUE	TRUE	FALSE
ENSG00000144868	TMEM108	3	132757235	133116636	3	133038391	133397775	FALSE	FALSE	FALSE	FALSE	TRUE	TRUE	TRUE
ENSG00000163714	U2SURP	3	142683339	142779567	3	142964497	143060725	TRUE	FALSE	FALSE	FALSE	TRUE	TRUE	TRUE
ENSG00000181744	DIPK2A	3	143690640	143767561	3	143971823	144048719	FALSE	FALSE	FALSE	FALSE	TRUE	TRUE	TRUE
ENSG00000152601	MBNL1	3	151961617	152183569	3	152243828	152465780	TRUE	FALSE	FALSE	FALSE	TRUE	TRUE	FALSE
ENSG00000169860	P2RY1	3	152552736	152555841	3	152835131	152841439	FALSE	FALSE	FALSE	FALSE	FALSE	FALSE	TRUE
ENSG00000197415	VEPH1	3	156977531	157251408	3	157259742	157533619	FALSE	FALSE	FALSE	FALSE	TRUE	TRUE	TRUE
ENSG00000174899	SLC66A1L	3	157261035	157395538	3	157543246	157677749	TRUE	FALSE	FALSE	FALSE	TRUE	TRUE	FALSE
ENSG00000174891	RSRC1	3	157823644	158263519	3	158105855	158545730	TRUE	TRUE	FALSE	FALSE	TRUE	TRUE	FALSE
ENSG00000114200	BCHE	3	165490692	165555260	3	165772904	165837462	TRUE	FALSE	FALSE	FALSE	TRUE	TRUE	TRUE
ENSG00000169760	NLGN1	3	173114074	174004434	3	173396284	174294372	TRUE	FALSE	FALSE	FALSE	TRUE	TRUE	TRUE
ENSG00000177694	NAALADL2	3	174156363	175523428	3	174438573	175810548	FALSE	FALSE	FALSE	FALSE	TRUE	TRUE	TRUE
ENSG00000197584	KCNMB2	3	177990720	178562217	3	178272932	178844429	TRUE	TRUE	FALSE	FALSE	TRUE	TRUE	TRUE
ENSG00000113790	EHHADH	3	184908412	184999778	3	185190624	185281990	TRUE	FALSE	FALSE	FALSE	TRUE	FALSE	TRUE
ENSG00000244405	ETV5	3	185764097	185828107	3	186046314	186110318	TRUE	FALSE	FALSE	FALSE	TRUE	TRUE	FALSE
ENSG00000214147	RP11-332P22.2	3	190548754	190549962	3	190830965	190832173	TRUE	FALSE	FALSE	FALSE	TRUE	TRUE	FALSE
ENSG00000188729	OSTN	3	190917030	190983404	3	191199241	191265615	FALSE	FALSE	FALSE	FALSE	FALSE	FALSE	TRUE
ENSG00000187527	ATP13A5	3	192992579	193096632	3	193274789	193378820	FALSE	FALSE	FALSE	FALSE	FALSE	TRUE	TRUE
ENSG00000236297	EEF1A1P23	3	193296601	193310879	3	193578812	193593090	FALSE	FALSE	TRUE	FALSE	TRUE	TRUE	FALSE
ENSG00000198836	OPA1	3	193310933	193415612	3	193593144	193697811	TRUE	TRUE	FALSE	FALSE	TRUE	TRUE	FALSE
ENSG00000285708	NA	NA	NA	NA	3	70959226	71754229	FALSE	TRUE	FALSE	FALSE	TRUE	FALSE	FALSE
ENSG00000275163	NA	NA	NA	NA	3	178419123	178843300	FALSE	TRUE	FALSE	FALSE	TRUE	FALSE	FALSE
ENSG00000197386	HTT	4	3076408	3245676	4	3041363	3243957	TRUE	TRUE	FALSE	FALSE	TRUE	TRUE	TRUE
ENSG00000169744	LDB2	4	16503164	16900432	4	16501541	16898678	TRUE	TRUE	FALSE	FALSE	TRUE	TRUE	TRUE
ENSG00000151552	QDPR	4	17461884	17513857	4	17460261	17512206	FALSE	FALSE	FALSE	FALSE	FALSE	TRUE	TRUE
ENSG00000185774	KCNIP4	4	20730239	21950422	4	20728606	21948772	TRUE	TRUE	FALSE	FALSE	TRUE	TRUE	TRUE
ENSG00000109132	PHOX2B	4	41746099	41750987	4	41744082	41748725	FALSE	FALSE	FALSE	FALSE	TRUE	FALSE	TRUE
ENSG00000014824	SLC30A9	4	41992489	42092474	4	41990502	42090461	TRUE	FALSE	FALSE	FALSE	TRUE	TRUE	FALSE
ENSG00000163288	GABRB1	4	46995740	47428461	4	46993723	47426447	TRUE	TRUE	FALSE	FALSE	TRUE	TRUE	TRUE
ENSG00000170448	NFXL1	4	47849257	47916653	4	47847233	47914667	FALSE	FALSE	FALSE	TRUE	TRUE	TRUE	FALSE
ENSG00000150471	ADGRL3	4	62066976	62944053	4	61200326	62078335	TRUE	FALSE	FALSE	FALSE	TRUE	TRUE	TRUE
ENSG00000221563	MIR1269A	4	67142542	67142646	4	66276824	66276928	TRUE	FALSE	FALSE	FALSE	TRUE	FALSE	FALSE
ENSG00000249307	LINC01088	4	79892902	80229952	4	78939485	79309673	FALSE	TRUE	FALSE	FALSE	TRUE	TRUE	FALSE
ENSG00000156269	NAA11	4	80146848	80247204	4	79225694	79326061	TRUE	TRUE	FALSE	FALSE	TRUE	TRUE	TRUE
ENSG00000145335	SNCA	4	90645250	90759466	4	89700345	89838315	FALSE	FALSE	FALSE	FALSE	TRUE	TRUE	TRUE
ENSG00000138722	MMRN1	4	90800683	90875780	4	89879532	89954629	TRUE	FALSE	FALSE	FALSE	TRUE	TRUE	FALSE
ENSG00000248510	LINC02267	4	97231852	97740015	4	96310701	96818864	TRUE	TRUE	FALSE	FALSE	TRUE	TRUE	FALSE
ENSG00000163116	STPG2	4	98105244	99064391	4	97184093	98143476	TRUE	FALSE	FALSE	FALSE	TRUE	TRUE	TRUE
ENSG00000164035	EMCN	4	101316498	101801283	4	100395341	100880126	TRUE	TRUE	FALSE	FALSE	TRUE	TRUE	FALSE
ENSG00000138814	PPP3CA	4	101944566	102269435	4	101023409	101348278	FALSE	FALSE	FALSE	FALSE	TRUE	TRUE	TRUE
ENSG00000153064	BANK1	4	102332443	102995969	4	101411286	102074812	TRUE	FALSE	FALSE	FALSE	TRUE	TRUE	FALSE
ENSG00000174607	UGT8	4	115519611	115599380	4	114598770	114678225	TRUE	FALSE	FALSE	FALSE	TRUE	TRUE	TRUE
ENSG00000164100	NDST3	4	118954773	119179803	4	118033618	118258634	TRUE	FALSE	TRUE	FALSE	TRUE	TRUE	TRUE
ENSG00000138688	KIAA1109	4	123073488	123283913	4	122152331	122364167	FALSE	FALSE	TRUE	FALSE	TRUE	TRUE	FALSE
ENSG00000109471	IL2	4	123372625	123377880	4	122451470	122456725	TRUE	FALSE	FALSE	FALSE	TRUE	TRUE	TRUE
ENSG00000250777	RP13-884E18.4	4	138611631	138656131	4	137690477	137734977	TRUE	FALSE	FALSE	FALSE	TRUE	TRUE	FALSE
ENSG00000151012	SLC7A11	4	139085251	139163503	4	138164097	138242349	FALSE	FALSE	FALSE	FALSE	FALSE	FALSE	TRUE
ENSG00000196782	MAML3	4	140637907	141075338	4	139716753	140154184	TRUE	TRUE	FALSE	FALSE	TRUE	TRUE	TRUE
ENSG00000109452	INPP4B	4	142944313	143768585	4	142023160	142847432	TRUE	FALSE	FALSE	FALSE	TRUE	TRUE	TRUE
ENSG00000145416	MARCHF1	4	164445450	165305202	4	163524298	164384050	TRUE	TRUE	FALSE	FALSE	TRUE	TRUE	TRUE
ENSG00000150625	GPM6A	4	176554085	176923815	4	175632934	176002664	TRUE	TRUE	FALSE	FALSE	TRUE	TRUE	TRUE
ENSG00000218336	TENM3	4	183065140	183724177	4	182143987	182803024	TRUE	TRUE	FALSE	FALSE	TRUE	TRUE	TRUE
ENSG00000287383	NA	NA	NA	NA	4	66169778	66329377	FALSE	TRUE	FALSE	FALSE	TRUE	FALSE	FALSE
ENSG00000248118	LINC01019	5	3417266	3536208	5	3357264	3536094	TRUE	TRUE	FALSE	FALSE	TRUE	TRUE	FALSE
ENSG00000170549	IRX1	5	3596168	3601517	5	3595832	3601403	FALSE	FALSE	FALSE	FALSE	TRUE	TRUE	TRUE
ENSG00000078295	ADCY2	5	7396321	7830194	5	7396138	7830081	TRUE	FALSE	FALSE	FALSE	TRUE	TRUE	TRUE
ENSG00000248874	LINC02899	5	23951457	24178372	5	23951348	24178263	TRUE	FALSE	FALSE	FALSE	TRUE	TRUE	FALSE
ENSG00000040731	CDH10	5	24487209	24645087	5	24487100	24644978	FALSE	FALSE	FALSE	FALSE	FALSE	FALSE	TRUE
ENSG00000113100	CDH9	5	26880709	27121257	5	26880597	27121150	TRUE	TRUE	FALSE	FALSE	TRUE	TRUE	TRUE
ENSG00000113361	CDH6	5	31193857	31329253	5	31193686	31329146	FALSE	FALSE	FALSE	FALSE	TRUE	FALSE	TRUE
ENSG00000164588	HCN1	5	45259349	45696253	5	45254948	45696498	TRUE	FALSE	FALSE	FALSE	TRUE	TRUE	TRUE
ENSG00000213949	ITGA1	5	52083730	52255040	5	52787916	52959209	FALSE	FALSE	FALSE	FALSE	FALSE	FALSE	TRUE
ENSG00000152684	PELO	5	52083774	52099880	5	52787916	52804044	FALSE	FALSE	FALSE	FALSE	FALSE	FALSE	TRUE
ENSG00000185305	ARL15	5	53179775	53606412	5	53883942	54310582	TRUE	TRUE	FALSE	FALSE	TRUE	FALSE	TRUE
ENSG00000068796	KIF2A	5	61601989	61833076	5	62306162	62391025	FALSE	FALSE	FALSE	FALSE	TRUE	TRUE	TRUE
ENSG00000171540	OTP	5	76924538	76935513	5	77628712	77638713	FALSE	FALSE	FALSE	FALSE	TRUE	TRUE	TRUE
ENSG00000171530	TBCA	5	76986991	77164604	5	77691166	77868780	TRUE	FALSE	FALSE	FALSE	TRUE	TRUE	FALSE
ENSG00000085365	SCAMP1	5	77656339	77776562	5	78360611	78480739	TRUE	FALSE	TRUE	FALSE	TRUE	TRUE	TRUE
ENSG00000245864	MEF2C-AS2	5	87972036	88018648	5	88676014	88779088	FALSE	TRUE	FALSE	FALSE	TRUE	TRUE	FALSE
ENSG00000250377	CTC-467M3.3	5	87988462	87989789	5	88691757	88695041	FALSE	FALSE	TRUE	FALSE	TRUE	TRUE	FALSE
ENSG00000081189	MEF2C	5	88013975	88199922	5	88717117	88904257	TRUE	TRUE	FALSE	FALSE	TRUE	TRUE	TRUE
ENSG00000175745	NR2F1	5	92919043	92930321	5	93583222	93594611	FALSE	FALSE	FALSE	FALSE	TRUE	TRUE	TRUE
ENSG00000113391	FAM172A	5	92953775	93447404	5	93617725	94111699	TRUE	TRUE	FALSE	FALSE	TRUE	TRUE	FALSE
ENSG00000112874	NUDT12	5	102884556	102898494	5	103548855	103562790	FALSE	FALSE	FALSE	FALSE	TRUE	FALSE	TRUE
ENSG00000251574	RP11-6N13.1	5	103718999	104728671	5	104383298	105392970	TRUE	TRUE	FALSE	FALSE	TRUE	TRUE	FALSE
ENSG00000184349	EFNA5	5	106712590	107006596	5	107376894	107670937	TRUE	FALSE	FALSE	FALSE	TRUE	TRUE	FALSE
ENSG00000145743	FBXL17	5	107194736	107717799	5	107859035	108382098	FALSE	FALSE	FALSE	FALSE	TRUE	TRUE	TRUE
ENSG00000152495	CAMK4	5	110559351	110830584	5	111223653	111494886	FALSE	FALSE	FALSE	FALSE	FALSE	FALSE	TRUE
ENSG00000134986	NREP	5	110998318	111333161	5	111662621	111997464	TRUE	FALSE	FALSE	FALSE	TRUE	TRUE	FALSE
ENSG00000249797	LINC02147	5	117260703	117601730	5	117730515	118266267	TRUE	TRUE	FALSE	FALSE	TRUE	TRUE	FALSE
ENSG00000250891	LINC02208	5	117803851	117897812	5	118000253	118562199	FALSE	TRUE	FALSE	FALSE	TRUE	TRUE	FALSE
ENSG00000184838	PRR16	5	119799973	120023027	5	120464300	120687332	FALSE	FALSE	FALSE	FALSE	TRUE	TRUE	TRUE
ENSG00000248927	CTD-2334D19.1	5	120116913	120126473	5	120781218	120790778	TRUE	FALSE	FALSE	FALSE	TRUE	TRUE	FALSE
ENSG00000064652	SNX24	5	122179134	122365049	5	122843439	123029354	TRUE	FALSE	FALSE	FALSE	TRUE	TRUE	TRUE
ENSG00000168916	ZNF608	5	123972608	124084500	5	124636913	124748807	FALSE	FALSE	FALSE	FALSE	TRUE	TRUE	TRUE
ENSG00000249423	RP11-284A20.1	5	124255640	124257291	NA	NA	NA	TRUE	FALSE	FALSE	FALSE	FALSE	TRUE	FALSE
ENSG00000260192	LINC02240	5	124828954	124937920	5	124808981	125602227	TRUE	TRUE	FALSE	FALSE	TRUE	FALSE	FALSE
ENSG00000248752	RP11-114J13.1	5	125412493	125615493	5	125333369	126368755	FALSE	TRUE	FALSE	FALSE	TRUE	TRUE	FALSE
ENSG00000120733	KDM3B	5	137688285	137772717	5	138352685	138437028	TRUE	FALSE	FALSE	FALSE	TRUE	TRUE	FALSE
ENSG00000132563	REEP2	5	137774706	137782658	5	138439057	138446969	FALSE	FALSE	FALSE	FALSE	TRUE	TRUE	TRUE
ENSG00000250515	RP11-515C16.7	5	140111875	140112448	5	140732290	140732863	TRUE	FALSE	FALSE	FALSE	TRUE	TRUE	FALSE
ENSG00000204970	PCDHA1	5	140165876	140391929	5	140786136	141012347	FALSE	FALSE	FALSE	FALSE	TRUE	TRUE	TRUE
ENSG00000183775	KCTD16	5	143550396	143865249	5	144170873	144485686	TRUE	FALSE	FALSE	FALSE	TRUE	TRUE	TRUE
ENSG00000249484	LINC01470	5	151998525	152603103	5	152618965	153223543	TRUE	TRUE	FALSE	FALSE	TRUE	TRUE	FALSE
ENSG00000155511	GRIA1	5	152869175	153193429	5	153489615	153813869	TRUE	FALSE	FALSE	FALSE	TRUE	TRUE	TRUE
ENSG00000170624	SGCD	5	155297354	156194799	5	155870344	156767788	FALSE	FALSE	TRUE	FALSE	TRUE	TRUE	TRUE
ENSG00000145864	GABRB2	5	160715436	160976050	5	161288429	161549044	FALSE	FALSE	FALSE	FALSE	TRUE	TRUE	TRUE
ENSG00000145863	GABRA6	5	160974069	161129599	5	161547063	161702593	TRUE	FALSE	FALSE	FALSE	TRUE	TRUE	FALSE
ENSG00000241956	LINC03000	5	163723702	164598649	5	164296696	165171643	TRUE	TRUE	FALSE	FALSE	TRUE	TRUE	FALSE
ENSG00000145934	TENM2	5	166711804	167691162	5	166979029	168264157	TRUE	TRUE	FALSE	FALSE	TRUE	TRUE	TRUE
ENSG00000164438	TLX3	5	170736288	170739138	5	171309248	171312139	FALSE	FALSE	FALSE	FALSE	TRUE	TRUE	TRUE
ENSG00000181163	NPM1	5	170814120	170838141	5	171387116	171411810	TRUE	FALSE	TRUE	FALSE	TRUE	FALSE	FALSE
ENSG00000201185	RNA5SP202	6	4428197	4428315	6	4427963	4428081	TRUE	FALSE	FALSE	FALSE	TRUE	TRUE	FALSE
ENSG00000153046	CDYL	6	4706393	4955785	6	4706159	4955551	FALSE	FALSE	FALSE	FALSE	FALSE	TRUE	TRUE
ENSG00000145982	FARS2	6	5261277	5771813	6	5261044	5829192	TRUE	TRUE	FALSE	FALSE	TRUE	TRUE	FALSE
ENSG00000230873	STMND1	6	17102489	17131603	6	17102050	17131378	FALSE	FALSE	FALSE	FALSE	TRUE	TRUE	TRUE
ENSG00000231662	RP11-686D16.1	6	19290550	19321252	6	19290319	19321021	TRUE	FALSE	FALSE	FALSE	TRUE	TRUE	FALSE
ENSG00000226786	RP1-167F1.2	6	19535175	19839311	NA	NA	NA	TRUE	FALSE	FALSE	FALSE	FALSE	FALSE	FALSE
ENSG00000228412	LNC-LBCS	6	19802395	19804983	6	19323428	19839080	FALSE	TRUE	FALSE	FALSE	TRUE	TRUE	FALSE
ENSG00000172201	ID4	6	19837617	19840915	6	19837370	19842197	FALSE	FALSE	FALSE	FALSE	TRUE	TRUE	TRUE
ENSG00000237425	RPSAP2	6	28699794	28700681	6	28732017	28732904	TRUE	FALSE	FALSE	FALSE	TRUE	TRUE	FALSE
ENSG00000204713	TRIM27	6	28870779	28891766	6	28903002	28923988	FALSE	FALSE	FALSE	FALSE	TRUE	TRUE	TRUE
ENSG00000204644	ZFP57	6	29640169	29648887	6	29672483	29681155	TRUE	FALSE	FALSE	FALSE	TRUE	TRUE	FALSE
ENSG00000137200	CMTR1	6	37400995	37450603	6	37433219	37482827	FALSE	FALSE	FALSE	FALSE	FALSE	TRUE	TRUE
ENSG00000112139	MDGA1	6	37600284	37667082	6	37630679	37699306	TRUE	FALSE	FALSE	FALSE	TRUE	TRUE	FALSE
ENSG00000146122	DAAM2	6	39760142	39872648	6	39792298	39904877	FALSE	FALSE	FALSE	FALSE	FALSE	TRUE	TRUE
ENSG00000220586	TUBBP9	6	39960554	39967972	6	39934595	40000527	TRUE	FALSE	FALSE	FALSE	TRUE	TRUE	FALSE
ENSG00000204092	LINC00951	6	40312083	40313890	NA	NA	NA	FALSE	FALSE	TRUE	FALSE	TRUE	FALSE	FALSE
ENSG00000008197	TFAP2D	6	50681541	50740701	6	50713526	50773033	FALSE	FALSE	FALSE	FALSE	TRUE	TRUE	TRUE
ENSG00000008196	TFAP2B	6	50786436	50815326	6	50818723	50847619	TRUE	FALSE	FALSE	FALSE	TRUE	TRUE	FALSE
ENSG00000188107	EYS	6	64429876	66417118	6	63719980	65707226	TRUE	TRUE	FALSE	FALSE	TRUE	TRUE	TRUE
ENSG00000233859	ADH5P4	6	66546823	66547947	6	65836930	65838039	TRUE	FALSE	FALSE	FALSE	TRUE	TRUE	FALSE
ENSG00000112701	SENP6	6	76311225	76427997	6	75601509	75718281	FALSE	FALSE	FALSE	FALSE	TRUE	TRUE	TRUE
ENSG00000196586	MYO6	6	76458909	76629254	6	75749201	75919537	TRUE	FALSE	FALSE	FALSE	TRUE	TRUE	FALSE
ENSG00000135333	EPHA7	6	93949738	94129265	6	93240020	93419687	TRUE	FALSE	FALSE	FALSE	TRUE	TRUE	TRUE
ENSG00000265226	MIR548AI	6	99572485	99572572	6	99124609	99124696	TRUE	FALSE	FALSE	FALSE	TRUE	TRUE	FALSE
ENSG00000132424	PNISR	6	99845927	99873207	6	99397629	99425331	FALSE	FALSE	FALSE	FALSE	TRUE	FALSE	TRUE
ENSG00000112237	CCNC	6	99990256	100016849	6	99542387	99568825	FALSE	FALSE	FALSE	FALSE	TRUE	TRUE	TRUE
ENSG00000112238	PRDM13	6	100054606	100063454	6	99606774	99615578	TRUE	FALSE	FALSE	FALSE	TRUE	TRUE	FALSE
ENSG00000112246	SIM1	6	100832891	100912805	6	100385009	100464921	FALSE	FALSE	FALSE	FALSE	TRUE	TRUE	TRUE
ENSG00000112249	ASCC3	6	100956070	101329248	6	100508194	100881372	TRUE	FALSE	FALSE	FALSE	TRUE	TRUE	FALSE
ENSG00000203809	LIN28B-AS1	6	105384169	105388402	6	104864464	104941447	TRUE	FALSE	FALSE	FALSE	TRUE	TRUE	FALSE
ENSG00000187772	LIN28B	6	105404923	105531207	6	104936616	105083332	FALSE	FALSE	TRUE	FALSE	TRUE	FALSE	TRUE
ENSG00000047932	GOPC	6	117639374	117923691	6	117560269	117602542	TRUE	FALSE	TRUE	FALSE	TRUE	TRUE	FALSE
ENSG00000196376	SLC35F1	6	118228689	118638839	6	117907264	118317676	FALSE	FALSE	FALSE	FALSE	FALSE	TRUE	TRUE
ENSG00000188580	NKAIN2	6	124125286	125146803	6	123803865	124825640	TRUE	TRUE	FALSE	FALSE	TRUE	TRUE	TRUE
ENSG00000198945	L3MBTL3	6	130334844	130462594	6	130013699	130141449	FALSE	FALSE	FALSE	FALSE	TRUE	TRUE	TRUE
ENSG00000164483	SAMD3	6	130465460	130686570	6	130144315	130365425	TRUE	TRUE	FALSE	FALSE	TRUE	TRUE	FALSE
ENSG00000236366	RP11-440G9.1	6	142847592	142959026	6	142526455	142637889	TRUE	FALSE	FALSE	FALSE	TRUE	TRUE	FALSE
ENSG00000010818	HIVEP2	6	143072604	143266338	6	142751469	142956698	TRUE	FALSE	FALSE	FALSE	TRUE	TRUE	TRUE
ENSG00000164506	STXBP5	6	147525561	147706866	6	147204417	147390476	FALSE	FALSE	FALSE	FALSE	TRUE	FALSE	TRUE
ENSG00000203727	SAMD5	6	147830063	148058683	6	147508690	147737547	TRUE	TRUE	FALSE	FALSE	TRUE	TRUE	FALSE
ENSG00000120265	PCMT1	6	150070579	150132556	6	149749443	149811420	FALSE	FALSE	FALSE	TRUE	TRUE	TRUE	FALSE
ENSG00000091831	ESR1	6	151977826	152450754	6	151656691	152129619	TRUE	TRUE	FALSE	FALSE	TRUE	TRUE	TRUE
ENSG00000049618	ARID1B	6	157099063	157531913	6	156776020	157210779	TRUE	TRUE	FALSE	FALSE	TRUE	TRUE	TRUE
ENSG00000185345	PRKN	6	161768452	163148803	6	161347417	162727775	TRUE	TRUE	FALSE	FALSE	TRUE	TRUE	TRUE
ENSG00000285424	NA	NA	NA	NA	6	4304942	4583871	FALSE	TRUE	FALSE	FALSE	TRUE	FALSE	FALSE
ENSG00000225968	ELFN1	7	1727755	1787590	7	1665745	1747946	FALSE	FALSE	FALSE	FALSE	TRUE	TRUE	TRUE
ENSG00000002822	MAD1L1	7	1855429	2272878	7	1815793	2233243	TRUE	TRUE	FALSE	FALSE	TRUE	TRUE	FALSE
ENSG00000176349	AC110781.3	7	1878222	1889567	7	1838586	1849931	FALSE	FALSE	TRUE	FALSE	TRUE	TRUE	FALSE
ENSG00000174945	AMZ1	7	2719156	2815134	7	2679522	2775500	TRUE	FALSE	TRUE	FALSE	TRUE	TRUE	FALSE
ENSG00000198286	CARD11	7	2945775	3083579	7	2906142	3044228	FALSE	FALSE	FALSE	FALSE	TRUE	TRUE	TRUE
ENSG00000146555	SDK1	7	3341080	4308632	7	3301252	4269000	TRUE	FALSE	TRUE	FALSE	TRUE	TRUE	FALSE
ENSG00000136240	KDELR2	7	6485584	6523873	7	6445953	6484190	FALSE	FALSE	TRUE	FALSE	TRUE	TRUE	FALSE
ENSG00000269781	FLJ20306	7	6522922	6524873	NA	NA	NA	TRUE	FALSE	FALSE	FALSE	FALSE	TRUE	FALSE
ENSG00000215045	GRID2IP	7	6537093	6591067	7	6496778	6551461	FALSE	FALSE	FALSE	FALSE	TRUE	FALSE	TRUE
ENSG00000205903	ZNF316	7	6676953	6694242	7	6637318	6658279	TRUE	FALSE	FALSE	FALSE	TRUE	TRUE	FALSE
ENSG00000122584	NXPH1	7	8473585	8792593	7	8433609	8752961	TRUE	TRUE	FALSE	FALSE	TRUE	FALSE	TRUE
ENSG00000005108	THSD7A	7	11409984	11871824	7	11370365	11832198	FALSE	FALSE	FALSE	FALSE	TRUE	TRUE	TRUE
ENSG00000106460	TMEM106B	7	12250867	12282993	7	12211270	12243367	TRUE	TRUE	TRUE	FALSE	TRUE	TRUE	FALSE
ENSG00000006468	ETV1	7	13930853	14031050	7	13891229	13991425	TRUE	TRUE	FALSE	FALSE	TRUE	FALSE	TRUE
ENSG00000105866	SP4	7	21467652	21554440	7	21428043	21514822	TRUE	TRUE	TRUE	FALSE	TRUE	TRUE	TRUE
ENSG00000105877	DNAH11	7	21582833	21941457	7	21543039	21901839	TRUE	TRUE	FALSE	FALSE	TRUE	TRUE	FALSE
ENSG00000122585	NPY	7	24323782	24331484	7	24284188	24291862	FALSE	FALSE	FALSE	FALSE	TRUE	TRUE	TRUE
ENSG00000122574	WIPF3	7	29846102	29956682	7	29806486	29917061	TRUE	FALSE	FALSE	FALSE	TRUE	TRUE	TRUE
ENSG00000154678	PDE1C	7	31790793	32338941	7	31751179	32428131	FALSE	FALSE	FALSE	FALSE	TRUE	TRUE	TRUE
ENSG00000105778	AVL9	7	32535038	33078516	7	32495426	32588726	TRUE	FALSE	TRUE	FALSE	TRUE	TRUE	FALSE
ENSG00000179869	ABCA13	7	48211055	48687092	7	48171458	48647497	TRUE	TRUE	FALSE	FALSE	TRUE	TRUE	TRUE
ENSG00000205628	LINC01446	7	53723202	53879624	7	53655508	53811952	TRUE	FALSE	FALSE	FALSE	TRUE	TRUE	FALSE
ENSG00000158321	AUTS2	7	69063905	70258054	7	69598296	70793506	TRUE	TRUE	FALSE	FALSE	TRUE	TRUE	TRUE
ENSG00000183166	CALN1	7	71244476	71912136	7	71779491	72447151	TRUE	TRUE	FALSE	FALSE	TRUE	TRUE	TRUE
ENSG00000106683	LIMK1	7	73497263	73536855	7	74082933	74122525	FALSE	FALSE	FALSE	FALSE	TRUE	TRUE	TRUE
ENSG00000006704	GTF2IRD1	7	73868120	74016931	7	74453790	74602605	TRUE	TRUE	FALSE	FALSE	TRUE	TRUE	FALSE
ENSG00000228829	AC005077.5	7	75803051	75806523	7	76173733	76177205	TRUE	FALSE	FALSE	FALSE	TRUE	TRUE	FALSE
ENSG00000170027	YWHAG	7	75956116	75988348	7	76326799	76358991	FALSE	FALSE	FALSE	FALSE	FALSE	FALSE	TRUE
ENSG00000187391	MAGI2	7	77646393	79082890	7	78017055	79453667	TRUE	TRUE	FALSE	FALSE	TRUE	TRUE	TRUE
ENSG00000186472	PCLO	7	82383329	82792246	7	82754012	83162930	TRUE	TRUE	FALSE	FALSE	TRUE	TRUE	TRUE
ENSG00000237513	RP11-325F22.2	7	104581510	104602781	NA	NA	NA	TRUE	TRUE	TRUE	FALSE	TRUE	TRUE	FALSE
ENSG00000005483	KMT2E	7	104654626	104754808	7	104940943	105115019	FALSE	FALSE	FALSE	FALSE	TRUE	TRUE	TRUE
ENSG00000091129	NRCAM	7	107788068	108097161	7	108147623	108456717	FALSE	FALSE	FALSE	FALSE	TRUE	TRUE	TRUE
ENSG00000177683	THAP5	7	108194987	108210194	7	108554543	108569750	FALSE	FALSE	TRUE	FALSE	TRUE	TRUE	FALSE
ENSG00000128590	DNAJB9	7	108210012	108215294	7	108569867	108574850	TRUE	TRUE	FALSE	FALSE	TRUE	TRUE	FALSE
ENSG00000226965	AC003088.1	7	110072296	110174811	7	110108031	110534757	TRUE	FALSE	FALSE	FALSE	TRUE	TRUE	FALSE
ENSG00000184903	IMMP2L	7	110303110	111202573	7	110662644	111562517	TRUE	FALSE	FALSE	FALSE	TRUE	TRUE	TRUE
ENSG00000173114	LRRN3	7	110731062	110765510	7	111091006	111125454	FALSE	FALSE	FALSE	FALSE	TRUE	TRUE	TRUE
ENSG00000128512	DOCK4	7	111366166	111846466	7	111726110	112206407	TRUE	FALSE	TRUE	FALSE	TRUE	TRUE	FALSE
ENSG00000128573	FOXP2	7	113726382	114333827	7	114086327	114693772	TRUE	TRUE	FALSE	FALSE	TRUE	TRUE	TRUE
ENSG00000135272	MDFIC	7	114562209	114659256	7	114922094	115019917	FALSE	FALSE	FALSE	FALSE	TRUE	TRUE	TRUE
ENSG00000077063	CTTNBP2	7	117350705	117514193	7	117710651	117874139	FALSE	FALSE	TRUE	FALSE	TRUE	TRUE	TRUE
ENSG00000234826	AC003084.2	7	117638912	117644099	7	117998858	118004045	TRUE	FALSE	FALSE	FALSE	TRUE	TRUE	FALSE
ENSG00000081803	CADPS2	7	121958481	122526813	7	122318411	122886759	TRUE	TRUE	FALSE	FALSE	TRUE	TRUE	TRUE
ENSG00000179603	GRM8	7	126078652	126893348	7	126438598	127253093	TRUE	TRUE	FALSE	FALSE	TRUE	TRUE	TRUE
ENSG00000221866	PLXNA4	7	131808091	132333447	7	132123340	132648688	FALSE	FALSE	FALSE	FALSE	TRUE	TRUE	TRUE
ENSG00000106554	CHCHD3	7	132469629	132766848	7	132784870	133082090	TRUE	TRUE	FALSE	FALSE	TRUE	TRUE	FALSE
ENSG00000131558	EXOC4	7	132937829	133751342	7	133253073	134066589	TRUE	FALSE	FALSE	FALSE	TRUE	TRUE	FALSE
ENSG00000155530	LRGUK	7	133812052	133949343	7	134127299	134264595	FALSE	FALSE	TRUE	FALSE	TRUE	TRUE	TRUE
ENSG00000080802	CNOT4	7	135046547	135194875	7	135361795	135510127	TRUE	TRUE	FALSE	FALSE	TRUE	TRUE	TRUE
ENSG00000157764	BRAF	7	140419127	140624564	7	140719327	140924929	FALSE	FALSE	FALSE	FALSE	TRUE	TRUE	TRUE
ENSG00000271611	RP4-813F11.3	7	140634667	140634810	7	140934867	140935010	TRUE	FALSE	FALSE	FALSE	TRUE	TRUE	FALSE
ENSG00000130226	DPP6	7	153584182	154685995	7	153887097	154894285	FALSE	FALSE	FALSE	FALSE	TRUE	TRUE	TRUE
ENSG00000009335	UBE3C	7	156931607	157062066	7	157138916	157269370	FALSE	FALSE	FALSE	FALSE	FALSE	FALSE	TRUE
ENSG00000155093	PTPRN2	7	157331750	158380480	7	157539056	158587823	TRUE	TRUE	FALSE	FALSE	TRUE	TRUE	FALSE
ENSG00000286192	NA	NA	NA	NA	7	1815804	2242215	FALSE	TRUE	FALSE	FALSE	TRUE	FALSE	FALSE
ENSG00000183117	CSMD1	8	2792875	4852494	8	2935353	4994972	TRUE	TRUE	FALSE	FALSE	FALSE	TRUE	TRUE
ENSG00000164741	DLC1	8	12940870	13373167	8	13083361	13604610	FALSE	FALSE	FALSE	FALSE	FALSE	FALSE	TRUE
ENSG00000185053	SGCZ	8	13947373	15095848	8	14084845	15238431	TRUE	TRUE	FALSE	FALSE	TRUE	TRUE	TRUE
ENSG00000130227	XPO7	8	21777180	21864096	8	21919662	22006585	FALSE	FALSE	FALSE	FALSE	FALSE	TRUE	TRUE
ENSG00000120910	PPP3CC	8	22298332	22398652	8	22440819	22541142	TRUE	FALSE	FALSE	TRUE	TRUE	TRUE	FALSE
ENSG00000175324	LSM1	8	38020839	38034248	8	38163335	38176730	TRUE	FALSE	FALSE	FALSE	TRUE	TRUE	FALSE
ENSG00000077782	FGFR1	8	38268656	38326352	8	38400215	38468834	FALSE	FALSE	FALSE	FALSE	TRUE	TRUE	TRUE
ENSG00000168300	PCMTD1	8	52730140	52811735	8	51817575	51899186	TRUE	FALSE	FALSE	FALSE	TRUE	TRUE	FALSE
ENSG00000147488	ST18	8	53023399	53373519	8	52110838	52460959	FALSE	FALSE	FALSE	FALSE	TRUE	TRUE	TRUE
ENSG00000253723	RP11-960H2.1	8	60733683	60733992	8	59821124	59821433	TRUE	FALSE	FALSE	FALSE	TRUE	TRUE	FALSE
ENSG00000178538	CA8	8	61099906	61193971	8	60185412	60281400	FALSE	FALSE	FALSE	FALSE	TRUE	TRUE	TRUE
ENSG00000171316	CHD7	8	61591337	61779465	8	60678740	60868028	TRUE	FALSE	FALSE	FALSE	TRUE	TRUE	TRUE
ENSG00000253555	TARDBPP4	8	64048782	64050643	8	63136223	63138084	TRUE	FALSE	FALSE	FALSE	TRUE	FALSE	FALSE
ENSG00000185728	YTHDF3	8	64081112	64125346	8	63168553	63212786	FALSE	FALSE	FALSE	FALSE	TRUE	TRUE	TRUE
ENSG00000253554	LINC01414	8	64599737	65281115	8	63687179	64369176	TRUE	TRUE	FALSE	FALSE	TRUE	TRUE	FALSE
ENSG00000180828	BHLHE22	8	65492814	65496181	8	64580365	64583627	FALSE	FALSE	FALSE	FALSE	TRUE	TRUE	TRUE
ENSG00000172817	CYP7B1	8	65500320	65711318	8	64587763	64798737	TRUE	TRUE	TRUE	FALSE	TRUE	TRUE	FALSE
ENSG00000182674	KCNB2	8	73449626	73850584	8	72537225	72938349	FALSE	FALSE	FALSE	FALSE	TRUE	FALSE	TRUE
ENSG00000260838	RP11-531A24.3	8	73859385	73862680	8	72947150	72950445	TRUE	FALSE	FALSE	FALSE	TRUE	TRUE	FALSE
ENSG00000091656	ZFHX4	8	77593454	77779521	8	76681239	76867281	TRUE	TRUE	FALSE	FALSE	TRUE	TRUE	TRUE
ENSG00000123124	WWP1	8	87354967	87490649	8	86342547	86478420	FALSE	FALSE	FALSE	FALSE	TRUE	FALSE	TRUE
ENSG00000170289	CNGB3	8	87566205	87755903	8	86553977	86743675	TRUE	FALSE	FALSE	FALSE	TRUE	TRUE	FALSE
ENSG00000253901	RP11-122C21.1	8	92555152	92919847	8	91542924	91907619	TRUE	TRUE	FALSE	FALSE	TRUE	TRUE	FALSE
ENSG00000079102	RUNX1T1	8	92967203	93115514	8	91954967	92103286	FALSE	FALSE	FALSE	FALSE	TRUE	TRUE	TRUE
ENSG00000246662	CIBAR1-DT	8	94225531	94712661	8	93213302	93700433	TRUE	FALSE	FALSE	FALSE	TRUE	TRUE	FALSE
ENSG00000164951	PDP1	8	94870035	94938294	8	93857807	93926068	FALSE	FALSE	FALSE	FALSE	TRUE	TRUE	TRUE
ENSG00000221351	AC068570.1	8	129832040	129832124	NA	NA	NA	TRUE	FALSE	FALSE	FALSE	FALSE	FALSE	FALSE
ENSG00000229140	CCDC26	8	130363937	130692485	8	128634199	129683770	FALSE	TRUE	FALSE	FALSE	TRUE	FALSE	FALSE
ENSG00000184156	KCNQ3	8	133133108	133493200	8	132120859	132481095	FALSE	FALSE	FALSE	FALSE	FALSE	FALSE	TRUE
ENSG00000171045	TSNARE1	8	143293441	143484601	8	142212080	142403182	TRUE	FALSE	FALSE	FALSE	TRUE	TRUE	FALSE
ENSG00000181790	ADGRB1	8	143530791	143626370	8	142449430	142545009	FALSE	FALSE	FALSE	FALSE	TRUE	FALSE	TRUE
ENSG00000227835	CARM1P1	9	2907073	3053408	9	2907073	3053408	TRUE	TRUE	FALSE	FALSE	TRUE	TRUE	FALSE
ENSG00000080298	RFX3	9	3218297	3526004	9	3218297	3526004	FALSE	FALSE	FALSE	FALSE	TRUE	TRUE	TRUE
ENSG00000153707	PTPRD	9	8314246	10612723	9	8314246	10613002	TRUE	FALSE	FALSE	FALSE	TRUE	TRUE	TRUE
ENSG00000230365	RP11-23D5.1	9	11275314	11276314	9	11275314	11276314	TRUE	FALSE	FALSE	FALSE	TRUE	TRUE	FALSE
ENSG00000270547	LINC01235	9	13406379	13433052	9	13406380	13488125	FALSE	FALSE	TRUE	FALSE	FALSE	TRUE	FALSE
ENSG00000226197	RP11-536O18.1	9	13446490	13487510	9	13386130	13836571	FALSE	TRUE	FALSE	FALSE	TRUE	TRUE	FALSE
ENSG00000213954	ATP5PDP3	9	14068931	14069416	9	14068932	14069417	TRUE	FALSE	FALSE	FALSE	TRUE	TRUE	FALSE
ENSG00000147862	NFIB	9	14081842	14398982	9	14081843	14398983	FALSE	FALSE	FALSE	FALSE	TRUE	TRUE	TRUE
ENSG00000175893	ZDHHC21	9	14611069	14693469	9	14611071	14693432	TRUE	FALSE	FALSE	FALSE	TRUE	TRUE	FALSE
ENSG00000237153	RP11-132E11.2	9	17048917	17112813	9	16917511	17114122	TRUE	TRUE	FALSE	FALSE	TRUE	TRUE	FALSE
ENSG00000044459	CNTLN	9	17134980	17503921	9	17134982	17503923	FALSE	FALSE	FALSE	FALSE	TRUE	TRUE	TRUE
ENSG00000107105	ELAVL2	9	23690102	23826335	9	23690104	23826337	TRUE	TRUE	FALSE	FALSE	TRUE	TRUE	TRUE
ENSG00000254261	RP11-18A15.1	9	26746951	26786872	9	26746953	26786874	TRUE	FALSE	FALSE	FALSE	TRUE	TRUE	FALSE
ENSG00000120156	TEK	9	27109139	27230173	9	27109141	27230174	FALSE	FALSE	FALSE	FALSE	TRUE	FALSE	TRUE
ENSG00000120162	MOB3B	9	27325207	27529779	9	27325209	27529814	FALSE	FALSE	FALSE	FALSE	TRUE	FALSE	TRUE
ENSG00000260390	RP11-575I8.1	9	27829274	27844479	9	27829276	27844481	TRUE	FALSE	FALSE	FALSE	TRUE	FALSE	FALSE
ENSG00000232203	SLC25A6P2	9	31253899	31254775	9	31253901	31254777	TRUE	FALSE	FALSE	FALSE	TRUE	TRUE	FALSE
ENSG00000225347	SLC25A5P8	9	32333455	32334352	9	32333457	32334354	TRUE	FALSE	FALSE	FALSE	TRUE	TRUE	FALSE
ENSG00000197579	TOPORS	9	32540542	32552551	9	32540544	32552586	FALSE	FALSE	FALSE	FALSE	TRUE	TRUE	TRUE
ENSG00000196092	PAX5	9	36833272	37034103	9	36833269	37034268	TRUE	TRUE	FALSE	FALSE	TRUE	TRUE	TRUE
ENSG00000147905	ZCCHC7	9	37120536	37358146	9	37120574	37358149	TRUE	FALSE	FALSE	FALSE	TRUE	TRUE	FALSE
ENSG00000106829	TLE4	9	82186688	82341658	9	79571773	79726882	FALSE	FALSE	FALSE	FALSE	TRUE	TRUE	TRUE
ENSG00000123975	CKS2	9	91926113	91931618	9	89311195	89316703	TRUE	FALSE	TRUE	FALSE	TRUE	TRUE	FALSE
ENSG00000187764	SEMA4D	9	91975702	92113045	9	89360787	89498130	FALSE	FALSE	FALSE	FALSE	TRUE	TRUE	TRUE
ENSG00000237385	RP11-165J3.5	9	96192624	96193581	9	93430342	93431299	FALSE	FALSE	TRUE	FALSE	TRUE	TRUE	FALSE
ENSG00000048828	FAM120A	9	96214004	96328397	9	93451685	93566112	TRUE	FALSE	FALSE	FALSE	TRUE	TRUE	FALSE
ENSG00000197724	PHF2	9	96338689	96441869	9	93576584	93679587	FALSE	FALSE	FALSE	FALSE	TRUE	TRUE	TRUE
ENSG00000185920	PTCH1	9	98205262	98279339	9	95442980	95517057	TRUE	TRUE	TRUE	FALSE	TRUE	TRUE	TRUE
ENSG00000136938	ANP32B	9	100745643	100778225	9	97983341	98015943	TRUE	FALSE	FALSE	FALSE	TRUE	TRUE	FALSE
ENSG00000136928	GABBR2	9	101050391	101471479	9	98288109	98708935	FALSE	FALSE	FALSE	FALSE	FALSE	FALSE	TRUE
ENSG00000106799	TGFBR1	9	101866320	101916474	9	99104038	99154192	FALSE	FALSE	FALSE	FALSE	FALSE	FALSE	TRUE
ENSG00000271086	NAMA	9	102117619	102139522	9	99355337	99377240	TRUE	FALSE	FALSE	FALSE	TRUE	TRUE	FALSE
ENSG00000095209	TMEM38B	9	108456825	108538893	9	105694541	105776629	FALSE	FALSE	FALSE	FALSE	TRUE	FALSE	TRUE
ENSG00000234323	LINC01505	9	109040673	109367076	9	105993310	106740875	FALSE	TRUE	FALSE	FALSE	TRUE	TRUE	FALSE
ENSG00000106868	SUSD1	9	114803065	114937688	9	112040783	112175297	TRUE	FALSE	FALSE	FALSE	TRUE	TRUE	TRUE
ENSG00000148219	ASTN2	9	119187504	120177348	9	116423112	117415070	TRUE	TRUE	FALSE	FALSE	TRUE	TRUE	TRUE
ENSG00000251847	snoZ13_snr52	9	120493653	120493749	NA	NA	NA	TRUE	FALSE	FALSE	FALSE	FALSE	FALSE	FALSE
ENSG00000261432	LINC01613	9	122697331	122700110	9	119935053	119937832	TRUE	FALSE	FALSE	FALSE	TRUE	FALSE	FALSE
ENSG00000136861	CDK5RAP2	9	123151147	123342448	9	120388875	120580170	FALSE	FALSE	FALSE	FALSE	FALSE	TRUE	TRUE
ENSG00000056586	RC3H2	9	125606835	125667620	9	122844556	122905359	TRUE	FALSE	FALSE	FALSE	TRUE	TRUE	FALSE
ENSG00000011454	RABGAP1	9	125703112	125867145	9	122940833	123104866	FALSE	FALSE	TRUE	FALSE	TRUE	TRUE	FALSE
ENSG00000188394	GPR21	9	125796806	125797975	9	123033667	123035665	FALSE	FALSE	FALSE	FALSE	TRUE	FALSE	TRUE
ENSG00000119522	DENND1A	9	126141933	126692431	9	123379654	123930152	TRUE	FALSE	FALSE	FALSE	TRUE	TRUE	FALSE
ENSG00000106689	LHX2	9	126763949	126795580	9	124001670	124033301	FALSE	FALSE	FALSE	FALSE	TRUE	TRUE	TRUE
ENSG00000044574	HSPA5	9	127997132	128003609	9	125234853	125241382	TRUE	FALSE	FALSE	FALSE	TRUE	TRUE	FALSE
ENSG00000165219	GAPVD1	9	128024073	128129486	9	125261794	125367207	FALSE	FALSE	FALSE	FALSE	TRUE	TRUE	TRUE
ENSG00000177125	ZBTB34	9	129622944	129648157	9	126860639	126885878	TRUE	FALSE	FALSE	FALSE	TRUE	TRUE	FALSE
ENSG00000136895	GARNL3	9	129986544	130155939	9	127224265	127393660	FALSE	FALSE	FALSE	FALSE	TRUE	TRUE	TRUE
ENSG00000107130	NCS1	9	132934857	132999583	9	130172404	130237303	TRUE	TRUE	FALSE	FALSE	TRUE	TRUE	TRUE
ENSG00000123454	DBH	9	136501482	136524466	9	133636363	133659329	FALSE	FALSE	FALSE	FALSE	TRUE	TRUE	TRUE
ENSG00000169925	BRD3	9	136895427	136933657	9	134030305	134068535	TRUE	FALSE	TRUE	FALSE	TRUE	TRUE	FALSE
ENSG00000130558	OLFM1	9	137967268	138013025	9	135075422	135121180	TRUE	FALSE	FALSE	FALSE	TRUE	TRUE	TRUE
ENSG00000107331	ABCA2	9	139901686	139923367	9	137007234	137028915	FALSE	FALSE	FALSE	FALSE	TRUE	FALSE	TRUE
ENSG00000187609	EXD3	9	140201348	140317714	9	137306896	137423211	TRUE	TRUE	FALSE	FALSE	TRUE	TRUE	FALSE
ENSG00000285082	NA	NA	NA	NA	9	117704157	118083691	FALSE	TRUE	FALSE	FALSE	TRUE	FALSE	FALSE
ENSG00000185736	ADARB2	10	1228073	1779670	10	1177313	1737525	TRUE	FALSE	FALSE	FALSE	TRUE	TRUE	TRUE
ENSG00000134452	FBH1	10	5931535	5979556	10	5890203	5937594	TRUE	TRUE	FALSE	FALSE	TRUE	TRUE	FALSE
ENSG00000134453	RBM17	10	6130950	6159420	10	6089034	6117457	FALSE	FALSE	FALSE	FALSE	FALSE	FALSE	TRUE
ENSG00000198879	SFMBT2	10	7200586	7453450	10	7158624	7411488	TRUE	TRUE	FALSE	FALSE	TRUE	TRUE	TRUE
ENSG00000183049	CAMK1D	10	12391481	12877545	10	12349547	12835545	TRUE	TRUE	FALSE	FALSE	TRUE	TRUE	TRUE
ENSG00000148482	SLC39A12	10	18240768	18332221	10	17951839	18043292	FALSE	FALSE	FALSE	FALSE	TRUE	FALSE	TRUE
ENSG00000165995	CACNB2	10	18429606	18830798	10	18140424	18543557	TRUE	TRUE	FALSE	FALSE	TRUE	TRUE	FALSE
ENSG00000078403	MLLT10	10	21823094	22032559	10	21524646	21743630	TRUE	FALSE	FALSE	FALSE	TRUE	TRUE	TRUE
ENSG00000150347	ARID5B	10	63661059	63856703	10	61901684	62096944	TRUE	FALSE	FALSE	FALSE	TRUE	TRUE	TRUE
ENSG00000196968	FUT11	10	75532049	75540009	10	73772276	73780251	FALSE	FALSE	TRUE	FALSE	TRUE	TRUE	FALSE
ENSG00000156650	KAT6B	10	76585340	76792380	10	74824927	75032624	FALSE	FALSE	FALSE	FALSE	TRUE	TRUE	TRUE
ENSG00000237882	PPIAP13	10	76849006	76849483	10	75089248	75089725	TRUE	FALSE	FALSE	FALSE	TRUE	TRUE	FALSE
ENSG00000148655	LRMDA	10	77360998	78319925	10	75431624	76560168	TRUE	TRUE	FALSE	FALSE	TRUE	TRUE	TRUE
ENSG00000187122	SLIT1	10	98757795	98945677	10	96998038	97185959	FALSE	FALSE	FALSE	FALSE	TRUE	TRUE	TRUE
ENSG00000181274	FRAT2	10	99092255	99094458	10	97332497	97334729	TRUE	FALSE	FALSE	FALSE	TRUE	TRUE	FALSE
ENSG00000155265	GOLGA7B	10	99609996	99631337	10	97849843	97871580	FALSE	FALSE	FALSE	FALSE	FALSE	FALSE	TRUE
ENSG00000095713	CRTAC1	10	99624757	99790585	10	97865000	98030828	TRUE	FALSE	FALSE	FALSE	TRUE	TRUE	FALSE
ENSG00000107882	SUFU	10	104263744	104393292	10	102503972	102633535	FALSE	FALSE	TRUE	FALSE	TRUE	TRUE	FALSE
ENSG00000171206	TRIM8	10	104404253	104418164	10	102644479	102658318	TRUE	FALSE	FALSE	FALSE	TRUE	TRUE	TRUE
ENSG00000148842	CNNM2	10	104678050	104849978	10	102918294	103090222	FALSE	FALSE	FALSE	TRUE	TRUE	TRUE	FALSE
ENSG00000156395	SORCS3	10	106400859	107024993	10	104641290	105265242	TRUE	TRUE	TRUE	FALSE	TRUE	TRUE	TRUE
ENSG00000148737	TCF7L2	10	114710009	114927437	10	112950247	113167678	FALSE	FALSE	FALSE	FALSE	TRUE	TRUE	TRUE
ENSG00000234474	MIR3663HG	10	118918167	118928570	10	117144564	117169108	TRUE	FALSE	FALSE	FALSE	TRUE	TRUE	FALSE
ENSG00000165650	PDZD8	10	119040000	119134978	10	117277274	117375440	FALSE	FALSE	FALSE	FALSE	FALSE	FALSE	TRUE
ENSG00000232139	LINC00867	10	120116620	120124615	10	118341437	118398468	TRUE	FALSE	FALSE	FALSE	TRUE	FALSE	FALSE
ENSG00000119973	PRLHR	10	120352916	120355160	10	118589997	118595648	FALSE	FALSE	FALSE	FALSE	TRUE	TRUE	TRUE
ENSG00000154478	GPR26	10	125425871	125454123	10	123666355	123697399	TRUE	FALSE	FALSE	FALSE	TRUE	TRUE	TRUE
ENSG00000197177	ADGRA1	10	134884433	134945179	10	133087924	133131675	FALSE	FALSE	FALSE	FALSE	TRUE	TRUE	TRUE
ENSG00000235264	RPL5P28	10	134958116	134958808	10	133144612	133145304	TRUE	FALSE	FALSE	FALSE	TRUE	TRUE	FALSE
ENSG00000182272	B4GALNT4	11	369796	382116	11	369499	382117	TRUE	TRUE	FALSE	FALSE	TRUE	TRUE	FALSE
ENSG00000177030	DEAF1	11	644233	706715	11	644233	707118	FALSE	FALSE	FALSE	FALSE	FALSE	FALSE	TRUE
ENSG00000254695	RP11-396O20.1	11	15665431	15726914	11	15605484	15705376	TRUE	TRUE	FALSE	FALSE	TRUE	TRUE	FALSE
ENSG00000110693	SOX6	11	15987995	16761138	11	15966449	16739591	TRUE	TRUE	FALSE	FALSE	TRUE	TRUE	TRUE
ENSG00000166833	NAV2	11	19372271	20143144	11	19350724	20121601	FALSE	FALSE	FALSE	FALSE	TRUE	TRUE	TRUE
ENSG00000187398	LUZP2	11	24518516	25104150	11	24496970	25082638	TRUE	TRUE	FALSE	FALSE	TRUE	FALSE	TRUE
ENSG00000169519	METTL15	11	28129795	28355054	11	28108248	28527041	FALSE	FALSE	FALSE	FALSE	TRUE	TRUE	TRUE
ENSG00000255322	RP11-22P4.1	11	28373654	28548588	NA	NA	NA	TRUE	FALSE	FALSE	FALSE	FALSE	FALSE	FALSE
ENSG00000254530	LINC02755	11	29357425	29615842	11	29335878	29989328	FALSE	TRUE	FALSE	FALSE	TRUE	TRUE	FALSE
ENSG00000255047	HNRNPRP2	11	29690433	29691175	11	29668886	29669628	TRUE	FALSE	FALSE	FALSE	TRUE	TRUE	FALSE
ENSG00000182255	KCNA4	11	30031288	30038570	11	30009730	30017030	FALSE	FALSE	FALSE	FALSE	TRUE	TRUE	TRUE
ENSG00000066382	MPPED2	11	30406040	30608419	11	30384493	30586872	TRUE	FALSE	FALSE	FALSE	TRUE	TRUE	TRUE
ENSG00000007372	PAX6	11	31806340	31839509	11	31784779	31817961	TRUE	FALSE	FALSE	FALSE	TRUE	TRUE	TRUE
ENSG00000184937	WT1	11	32409321	32457176	11	32387775	32435564	FALSE	FALSE	FALSE	FALSE	FALSE	TRUE	TRUE
ENSG00000060749	QSER1	11	32914724	33014862	11	32892811	32993316	TRUE	FALSE	FALSE	FALSE	TRUE	TRUE	FALSE
ENSG00000121653	MAPK8IP1	11	45907202	45928016	11	45885651	45906465	FALSE	FALSE	FALSE	FALSE	TRUE	TRUE	TRUE
ENSG00000135365	PHF21A	11	45950871	46142985	11	45929319	46121454	TRUE	FALSE	FALSE	FALSE	TRUE	TRUE	FALSE
ENSG00000157613	CREB3L1	11	46299212	46342972	11	46277662	46321409	TRUE	FALSE	FALSE	FALSE	TRUE	TRUE	FALSE
ENSG00000110497	AMBRA1	11	46417964	46615675	11	46396414	46594125	TRUE	FALSE	FALSE	FALSE	TRUE	TRUE	FALSE
ENSG00000175619	OR4B1	11	48238344	48239314	11	48216810	48217739	TRUE	FALSE	FALSE	FALSE	TRUE	TRUE	FALSE
ENSG00000149136	SSRP1	11	57093459	57103351	11	57325986	57335892	FALSE	FALSE	FALSE	FALSE	TRUE	TRUE	TRUE
ENSG00000156599	ZDHHC5	11	57435219	57468659	11	57667747	57701182	TRUE	FALSE	TRUE	FALSE	TRUE	TRUE	FALSE
ENSG00000162148	PPP1R32	11	61248592	61258403	11	61481120	61490931	TRUE	FALSE	FALSE	FALSE	TRUE	TRUE	FALSE
ENSG00000134780	DAGLA	11	61447905	61514473	11	61680391	61747001	FALSE	FALSE	FALSE	FALSE	TRUE	TRUE	TRUE
ENSG00000134824	FADS2	11	61560452	61634826	11	61792980	61867354	TRUE	FALSE	FALSE	FALSE	TRUE	TRUE	FALSE
ENSG00000149485	FADS1	11	61567099	61596790	11	61799627	61829318	FALSE	FALSE	TRUE	FALSE	TRUE	TRUE	FALSE
ENSG00000167771	RCOR2	11	63678693	63684316	11	63911230	63917164	TRUE	FALSE	FALSE	FALSE	TRUE	TRUE	FALSE
ENSG00000133315	MACROD1	11	63766030	63933578	11	63998558	64166113	TRUE	FALSE	FALSE	FALSE	TRUE	TRUE	FALSE
ENSG00000182450	KCNK4	11	64058774	64067503	11	64291302	64300031	FALSE	FALSE	FALSE	FALSE	TRUE	TRUE	TRUE
ENSG00000131626	PPFIA1	11	70116806	70230509	11	70270690	70385312	FALSE	FALSE	FALSE	FALSE	FALSE	TRUE	TRUE
ENSG00000162105	SHANK2	11	70313961	70963623	11	70467854	71252577	TRUE	TRUE	FALSE	FALSE	TRUE	TRUE	FALSE
ENSG00000054965	FAM168A	11	73111532	73309234	11	73400487	73598189	TRUE	FALSE	FALSE	FALSE	TRUE	TRUE	TRUE
ENSG00000175581	MRPL48	11	73498361	73576178	11	73787872	73865133	TRUE	FALSE	FALSE	FALSE	TRUE	TRUE	FALSE
ENSG00000150672	DLG2	11	83166055	85338966	11	83455012	85627922	TRUE	TRUE	FALSE	FALSE	TRUE	TRUE	TRUE
ENSG00000168959	GRM5	11	88237744	88799113	11	88504576	89065982	TRUE	TRUE	FALSE	FALSE	TRUE	TRUE	TRUE
ENSG00000149972	CNTN5	11	98891683	100229616	11	99020949	100358885	TRUE	TRUE	FALSE	FALSE	TRUE	TRUE	TRUE
ENSG00000149294	NCAM1	11	112831997	113149158	11	112961247	113278436	TRUE	FALSE	FALSE	FALSE	TRUE	TRUE	TRUE
ENSG00000149295	DRD2	11	113280318	113346413	11	113409605	113475691	TRUE	FALSE	FALSE	FALSE	TRUE	TRUE	FALSE
ENSG00000149571	KIRREL3	11	126293254	126873355	11	126423358	127003460	TRUE	TRUE	FALSE	FALSE	TRUE	TRUE	TRUE
ENSG00000231698	AP002856.5	11	131123317	131220812	11	131253360	131350917	TRUE	TRUE	FALSE	FALSE	TRUE	FALSE	FALSE
ENSG00000182667	NTM	11	131240373	132206716	11	131370478	132336822	TRUE	TRUE	FALSE	FALSE	TRUE	TRUE	TRUE
ENSG00000213153	RP11-259P6.3	11	133734772	133735522	11	133864877	133865627	TRUE	FALSE	FALSE	FALSE	TRUE	TRUE	FALSE
ENSG00000080854	IGSF9B	11	133778459	133826880	11	133896438	133956968	TRUE	FALSE	FALSE	FALSE	TRUE	TRUE	TRUE
ENSG00000109956	B3GAT1	11	134248398	134281812	11	134378504	134412242	FALSE	FALSE	FALSE	FALSE	TRUE	TRUE	TRUE
ENSG00000255545	B3GAT1-DT	11	134306367	134375555	11	134412284	134505665	TRUE	TRUE	FALSE	FALSE	TRUE	TRUE	FALSE
ENSG00000255327	LINC02697	11	134820602	134821462	11	134950708	134951568	TRUE	FALSE	FALSE	FALSE	TRUE	TRUE	FALSE
ENSG00000281880	PAUPAR	NA	NA	NA	11	31812307	32002405	FALSE	TRUE	FALSE	FALSE	TRUE	TRUE	FALSE
ENSG00000285283	NA	NA	NA	NA	11	31812391	32104665	FALSE	TRUE	FALSE	FALSE	TRUE	FALSE	FALSE
ENSG00000151067	CACNA1C	12	2079952	2802108	12	1970772	2697950	TRUE	TRUE	FALSE	FALSE	TRUE	TRUE	TRUE
ENSG00000139083	ETV6	12	11802788	12048336	12	11649674	11895377	TRUE	TRUE	FALSE	FALSE	TRUE	TRUE	TRUE
ENSG00000008394	MGST1	12	16500076	16762193	12	16347142	16609259	TRUE	TRUE	FALSE	FALSE	TRUE	TRUE	FALSE
ENSG00000048540	LMO3	12	16701307	16763528	12	16548372	16610594	FALSE	TRUE	FALSE	FALSE	TRUE	FALSE	TRUE
ENSG00000069431	ABCC9	12	21950335	22094336	12	21797389	21942543	FALSE	FALSE	FALSE	FALSE	TRUE	TRUE	TRUE
ENSG00000111728	ST8SIA1	12	22216707	22589975	12	22063773	22437041	TRUE	TRUE	FALSE	FALSE	TRUE	TRUE	TRUE
ENSG00000256995	LINC02955	12	22852793	23327057	12	22699859	23188807	TRUE	FALSE	FALSE	FALSE	TRUE	TRUE	FALSE
ENSG00000134532	SOX5	12	23682440	24103966	12	23529504	24562544	FALSE	TRUE	FALSE	FALSE	TRUE	TRUE	TRUE
ENSG00000110975	SYT10	12	33527173	33592754	12	33374238	33439819	FALSE	FALSE	FALSE	FALSE	TRUE	TRUE	TRUE
ENSG00000139117	CPNE8	12	39040624	39301232	12	38646822	38907430	TRUE	TRUE	FALSE	FALSE	TRUE	TRUE	TRUE
ENSG00000151229	SLC2A13	12	40148823	40499891	12	39755025	40106089	TRUE	FALSE	FALSE	FALSE	TRUE	TRUE	FALSE
ENSG00000188906	LRRK2	12	40590546	40763087	12	40196744	40369285	FALSE	FALSE	TRUE	FALSE	TRUE	TRUE	TRUE
ENSG00000139174	PRICKLE1	12	42852140	42984157	12	42456757	42590355	FALSE	FALSE	FALSE	FALSE	FALSE	TRUE	TRUE
ENSG00000257927	MRPS36P5	12	43447892	43448189	12	43054089	43054386	TRUE	FALSE	FALSE	FALSE	TRUE	TRUE	FALSE
ENSG00000185591	SP1	12	53773960	53810230	12	53380176	53416446	TRUE	FALSE	FALSE	FALSE	TRUE	TRUE	FALSE
ENSG00000139625	MAP3K12	12	53874274	53893847	12	53479669	53500063	FALSE	FALSE	FALSE	FALSE	TRUE	TRUE	TRUE
ENSG00000135486	HNRNPA1	12	54673977	54680872	12	54280193	54287088	FALSE	FALSE	FALSE	FALSE	TRUE	TRUE	TRUE
ENSG00000258137	RP11-753H16.3	12	54747445	54891472	12	54353661	54497688	FALSE	TRUE	FALSE	FALSE	TRUE	TRUE	FALSE
ENSG00000258086	RP11-753H16.5	12	54747576	54860769	12	54353792	54466985	TRUE	TRUE	FALSE	FALSE	TRUE	TRUE	FALSE
ENSG00000258921	RP11-644F5.16	12	56032696	56053579	12	55638912	55659795	TRUE	TRUE	FALSE	FALSE	TRUE	FALSE	FALSE
ENSG00000205323	SARNP	12	56146247	56211540	12	55752463	55817724	FALSE	FALSE	FALSE	FALSE	FALSE	FALSE	TRUE
ENSG00000155980	KIF5A	12	57943781	57980415	12	57546026	57586633	TRUE	FALSE	FALSE	FALSE	TRUE	TRUE	TRUE
ENSG00000123297	TSFM	12	58176372	58201854	12	57782761	57808071	FALSE	FALSE	FALSE	TRUE	TRUE	TRUE	FALSE
ENSG00000257865	RP11-154D9.1	12	60812764	60813074	12	60418983	60419293	TRUE	FALSE	FALSE	FALSE	TRUE	TRUE	FALSE
ENSG00000198673	TAFA2	12	62102040	62672931	12	61708273	62279150	TRUE	FALSE	FALSE	FALSE	TRUE	TRUE	FALSE
ENSG00000135655	USP15	12	62654119	62811211	12	62260338	62417431	FALSE	FALSE	FALSE	FALSE	TRUE	TRUE	TRUE
ENSG00000251138	LINC02882	12	74526946	74796315	12	73820315	74402600	TRUE	FALSE	FALSE	FALSE	TRUE	TRUE	FALSE
ENSG00000253719	ATXN7L3B	12	74931551	74935223	12	74537835	74545430	FALSE	FALSE	FALSE	FALSE	TRUE	TRUE	TRUE
ENSG00000231121	RP1-34H18.1	12	77718421	77966055	NA	NA	NA	TRUE	FALSE	FALSE	FALSE	FALSE	FALSE	FALSE
ENSG00000067798	NAV3	12	78224685	78606790	12	77324641	78213010	FALSE	TRUE	FALSE	FALSE	TRUE	TRUE	TRUE
ENSG00000133639	BTG1	12	92536286	92539673	12	92140278	92145846	FALSE	FALSE	FALSE	FALSE	FALSE	TRUE	TRUE
ENSG00000171759	PAH	12	103230663	103352188	12	102836889	102958410	FALSE	FALSE	FALSE	FALSE	TRUE	TRUE	TRUE
ENSG00000257703	RP11-328J6.1	12	103474728	103572453	12	103079634	103178675	TRUE	TRUE	FALSE	FALSE	TRUE	TRUE	FALSE
ENSG00000166111	SVOP	12	109304658	109459045	12	108907741	109021068	FALSE	FALSE	FALSE	FALSE	TRUE	TRUE	TRUE
ENSG00000110906	KCTD10	12	109886461	109915349	12	109448655	109477359	TRUE	FALSE	FALSE	FALSE	TRUE	TRUE	FALSE
ENSG00000151148	UBE3B	12	109915207	109974507	12	109477402	109536705	FALSE	FALSE	TRUE	FALSE	TRUE	TRUE	FALSE
ENSG00000139433	GLTP	12	110288748	110318293	12	109850945	109880541	TRUE	FALSE	FALSE	FALSE	TRUE	TRUE	FALSE
ENSG00000174437	ATP2A2	12	110718561	110788898	12	110280756	110351093	FALSE	FALSE	FALSE	FALSE	TRUE	FALSE	TRUE
ENSG00000111275	ALDH2	12	112204691	112247782	12	111766887	111817532	FALSE	FALSE	TRUE	FALSE	TRUE	TRUE	FALSE
ENSG00000179295	PTPN11	12	112856155	112947717	12	112418351	112509918	TRUE	FALSE	FALSE	FALSE	TRUE	TRUE	FALSE
ENSG00000089250	NOS1	12	117645947	117889975	12	117208142	117452170	TRUE	TRUE	FALSE	FALSE	TRUE	TRUE	TRUE
ENSG00000171435	KSR2	12	117890817	118406788	12	117453012	117968990	FALSE	FALSE	FALSE	FALSE	TRUE	TRUE	TRUE
ENSG00000111707	SUDS3	12	118814185	118855840	12	118376555	118418033	TRUE	FALSE	FALSE	FALSE	TRUE	TRUE	FALSE
ENSG00000157837	SPPL3	12	121200313	121342174	12	120762510	120904358	TRUE	FALSE	TRUE	FALSE	TRUE	TRUE	TRUE
ENSG00000089094	KDM2B	12	121866900	122018920	12	121429096	121581023	TRUE	FALSE	FALSE	FALSE	TRUE	TRUE	FALSE
ENSG00000139718	SETD1B	12	122242086	122270562	12	121804009	121832656	FALSE	FALSE	FALSE	FALSE	TRUE	TRUE	TRUE
ENSG00000051825	MPHOSPH9	12	123636867	123728561	12	123152320	123244014	FALSE	FALSE	TRUE	FALSE	TRUE	TRUE	FALSE
ENSG00000256092	SBNO1-AS1	12	123848415	123850660	12	123363868	123366113	TRUE	FALSE	FALSE	FALSE	TRUE	TRUE	FALSE
ENSG00000197653	DNAH10	12	124247042	124420753	12	123762188	123935720	FALSE	FALSE	FALSE	FALSE	TRUE	TRUE	TRUE
ENSG00000060709	RIMBP2	12	130880682	131200826	12	130396133	130768228	FALSE	FALSE	FALSE	FALSE	FALSE	TRUE	TRUE
ENSG00000111452	ADGRD1	12	131438452	131626014	12	130953907	131141469	TRUE	FALSE	FALSE	FALSE	TRUE	TRUE	FALSE
ENSG00000180440	SERTM1	13	37248049	37271976	13	36674020	36697839	FALSE	FALSE	FALSE	FALSE	FALSE	TRUE	TRUE
ENSG00000226161	EIF4A1P5	13	37512537	37513631	13	36938400	36939494	TRUE	FALSE	FALSE	FALSE	TRUE	TRUE	FALSE
ENSG00000120697	ALG5	13	37523912	37574398	13	36949738	37000763	FALSE	FALSE	TRUE	FALSE	TRUE	FALSE	FALSE
ENSG00000102780	DGKH	13	42614176	42830714	13	42040036	42256578	TRUE	TRUE	FALSE	FALSE	TRUE	TRUE	TRUE
ENSG00000102837	OLFM4	13	53602894	53626192	13	53028813	53052057	FALSE	FALSE	FALSE	FALSE	TRUE	TRUE	TRUE
ENSG00000118946	PCDH17	13	58205944	58303445	13	57631744	57729311	TRUE	FALSE	FALSE	FALSE	TRUE	TRUE	TRUE
ENSG00000139734	DIAPH3	13	60239717	60738121	13	59665583	60163928	TRUE	FALSE	FALSE	FALSE	TRUE	TRUE	TRUE
ENSG00000184226	PCDH9	13	66876967	67804468	13	66302834	67230445	TRUE	TRUE	FALSE	FALSE	TRUE	TRUE	TRUE
ENSG00000232380	ZDHHC20P4	13	69559190	69560196	13	68985058	68986064	TRUE	FALSE	FALSE	FALSE	TRUE	TRUE	FALSE
ENSG00000234377	OBI1-AS1	13	78493824	79191463	13	77919689	78617328	TRUE	TRUE	FALSE	FALSE	TRUE	TRUE	FALSE
ENSG00000152192	POU4F1	13	79172497	79177673	13	78598362	78603552	FALSE	FALSE	FALSE	FALSE	TRUE	TRUE	TRUE
ENSG00000237109	RPL21P111	13	79335310	79335786	13	78761175	78761651	TRUE	FALSE	FALSE	FALSE	TRUE	FALSE	FALSE
ENSG00000139746	RBM26	13	79885962	79980612	13	79311824	79406477	FALSE	FALSE	FALSE	FALSE	TRUE	TRUE	TRUE
ENSG00000227354	RBM26-AS1	13	79980444	79998463	13	79406293	79427317	TRUE	FALSE	FALSE	FALSE	TRUE	TRUE	FALSE
ENSG00000102471	NDFIP2	13	80055287	80130210	13	79481155	79556077	FALSE	FALSE	TRUE	FALSE	TRUE	TRUE	FALSE
ENSG00000136158	SPRY2	13	80910111	80915086	13	80335976	80341126	TRUE	FALSE	FALSE	FALSE	TRUE	TRUE	TRUE
ENSG00000179399	GPC5	13	92050929	93519490	13	91398621	92873682	FALSE	FALSE	FALSE	FALSE	TRUE	TRUE	TRUE
ENSG00000183098	GPC6	13	93879095	95059655	13	93226807	94408020	TRUE	TRUE	FALSE	FALSE	TRUE	TRUE	FALSE
ENSG00000185352	HS6ST3	13	96743093	97485671	13	96090107	96839562	TRUE	FALSE	FALSE	FALSE	TRUE	TRUE	TRUE
ENSG00000102572	STK24	13	99102455	99230194	13	98445185	98577940	TRUE	FALSE	TRUE	FALSE	TRUE	TRUE	FALSE
ENSG00000088387	DOCK9	13	99445741	99738879	13	98793429	99086625	FALSE	FALSE	FALSE	FALSE	TRUE	TRUE	TRUE
ENSG00000287722	NA	NA	NA	NA	13	53207831	53801489	FALSE	TRUE	FALSE	FALSE	TRUE	FALSE	FALSE
ENSG00000151322	NPAS3	14	33404139	34273382	14	32934396	33820863	TRUE	TRUE	FALSE	FALSE	TRUE	TRUE	TRUE
ENSG00000150527	MIA2	14	39734488	39856156	14	39230231	39388513	TRUE	FALSE	FALSE	FALSE	TRUE	TRUE	FALSE
ENSG00000165355	FBXO33	14	39866873	39901704	14	39397684	39432466	FALSE	FALSE	FALSE	FALSE	TRUE	TRUE	TRUE
ENSG00000258636	LRFN5-DT	14	42057064	42074059	14	41583657	41604988	TRUE	FALSE	TRUE	FALSE	TRUE	TRUE	FALSE
ENSG00000165379	LRFN5	14	42076773	42373752	14	41606876	41904549	FALSE	FALSE	FALSE	FALSE	TRUE	TRUE	TRUE
ENSG00000258394	CTD-2307P3.1	14	42832186	43172858	14	42362983	42703655	TRUE	TRUE	FALSE	FALSE	TRUE	FALSE	FALSE
ENSG00000140009	ESR2	14	64550950	64804830	14	64084232	64338112	TRUE	FALSE	FALSE	FALSE	TRUE	TRUE	FALSE
ENSG00000070182	SPTB	14	65213002	65346601	14	64746283	64879907	FALSE	FALSE	FALSE	FALSE	TRUE	TRUE	TRUE
ENSG00000242293	RPS29P1	14	69489867	69490025	14	69023150	69023308	TRUE	FALSE	FALSE	FALSE	TRUE	TRUE	FALSE
ENSG00000139990	DCAF5	14	69517598	69619867	14	69050881	69153150	FALSE	FALSE	TRUE	FALSE	TRUE	TRUE	TRUE
ENSG00000119596	YLPM1	14	75230069	75322244	14	74763316	74859435	FALSE	FALSE	FALSE	FALSE	TRUE	TRUE	TRUE
ENSG00000119689	DLST	14	75348594	75370448	14	74881891	74903743	TRUE	FALSE	TRUE	FALSE	TRUE	TRUE	FALSE
ENSG00000259061	RP11-736P16.1	14	87402984	87455469	14	86936640	86989125	TRUE	FALSE	FALSE	FALSE	TRUE	FALSE	FALSE
ENSG00000100784	RPS6KA5	14	91336799	91526980	14	90847861	91060641	TRUE	FALSE	FALSE	FALSE	TRUE	TRUE	TRUE
ENSG00000259097	RP11-61O1.1	14	98534577	98671480	14	98068161	98205143	TRUE	TRUE	FALSE	FALSE	TRUE	TRUE	FALSE
ENSG00000131323	TRAF3	14	103243813	103377837	14	102777449	102911500	TRUE	FALSE	FALSE	FALSE	TRUE	TRUE	FALSE
ENSG00000198752	CDC42BPB	14	103398716	103523799	14	102932380	103057549	FALSE	FALSE	FALSE	FALSE	TRUE	TRUE	TRUE
ENSG00000126214	KLC1	14	104028233	104167888	14	103561896	103714249	TRUE	TRUE	FALSE	FALSE	TRUE	TRUE	FALSE
ENSG00000256500	RP11-73M18.2	14	104029299	104152261	14	103562962	103685924	FALSE	TRUE	FALSE	FALSE	TRUE	TRUE	FALSE
ENSG00000269940	RP11-73M18.7	14	104160897	104161507	14	103694560	103695170	FALSE	FALSE	TRUE	FALSE	TRUE	TRUE	FALSE
ENSG00000088808	PPP1R13B	14	104200089	104313927	14	103733195	103847575	FALSE	FALSE	FALSE	FALSE	TRUE	TRUE	TRUE
ENSG00000034053	APBA2	15	29129629	29410518	15	28884483	29118315	FALSE	FALSE	FALSE	FALSE	TRUE	TRUE	TRUE
ENSG00000104059	FAM189A1	15	29412457	29862927	15	29120252	29570979	TRUE	FALSE	FALSE	FALSE	TRUE	TRUE	FALSE
ENSG00000134138	MEIS2	15	37181406	37393504	15	36889204	37101299	FALSE	FALSE	FALSE	FALSE	TRUE	TRUE	TRUE
ENSG00000259434	RP11-720L8.1	15	37657228	37783009	15	37364020	37490864	TRUE	FALSE	FALSE	FALSE	TRUE	TRUE	FALSE
ENSG00000172575	RASGRP1	15	38780304	38857776	15	38488103	38565575	TRUE	FALSE	FALSE	FALSE	TRUE	TRUE	TRUE
ENSG00000245849	RAD51-AS1	15	40978922	40987305	15	40686183	40695107	TRUE	FALSE	FALSE	FALSE	TRUE	TRUE	FALSE
ENSG00000128917	DLL4	15	41221538	41231237	15	40929340	40939073	FALSE	FALSE	FALSE	FALSE	TRUE	TRUE	TRUE
ENSG00000137872	SEMA6D	15	47476298	48066420	15	47184101	47774228	TRUE	TRUE	FALSE	FALSE	TRUE	TRUE	TRUE
ENSG00000259221	CTD-2050N2.1	15	47651627	47688929	15	47359430	47396732	FALSE	TRUE	FALSE	FALSE	TRUE	TRUE	FALSE
ENSG00000103657	HERC1	15	63900817	64126141	15	63608618	63833948	TRUE	FALSE	FALSE	FALSE	TRUE	TRUE	TRUE
ENSG00000103769	RAB11A	15	66018392	66184329	15	65726054	65891989	FALSE	FALSE	FALSE	FALSE	TRUE	TRUE	TRUE
ENSG00000157890	MEGF11	15	66187417	66546085	15	65895079	66253756	TRUE	TRUE	FALSE	FALSE	TRUE	TRUE	FALSE
ENSG00000138622	HCN4	15	73612200	73661605	15	73319859	73368958	FALSE	FALSE	FALSE	FALSE	TRUE	TRUE	TRUE
ENSG00000103855	CD276	15	73976307	74006859	15	73683966	73714514	TRUE	FALSE	FALSE	FALSE	TRUE	TRUE	FALSE
ENSG00000167139	TBC1D21	15	74165949	74181555	15	73873564	73889214	TRUE	FALSE	FALSE	FALSE	TRUE	TRUE	FALSE
ENSG00000261801	LOXL1-AS1	15	74200424	74220589	15	73908071	73928248	FALSE	FALSE	TRUE	FALSE	TRUE	TRUE	FALSE
ENSG00000169783	LINGO1	15	77905369	78113242	15	77613027	77820900	TRUE	TRUE	FALSE	FALSE	TRUE	TRUE	TRUE
ENSG00000166748	AGBL1	15	86685227	87572283	NA	NA	NA	TRUE	FALSE	FALSE	FALSE	FALSE	FALSE	TRUE
ENSG00000140538	NTRK3	15	88418230	88799999	15	87859751	88256791	TRUE	TRUE	TRUE	FALSE	TRUE	TRUE	TRUE
ENSG00000140564	FURIN	15	91411822	91426688	15	90868588	90883564	TRUE	TRUE	TRUE	FALSE	TRUE	TRUE	TRUE
ENSG00000185551	NR2F2	15	96869167	96883492	15	96325938	96340263	FALSE	FALSE	FALSE	FALSE	TRUE	TRUE	TRUE
ENSG00000259542	RP11-522B15.4	15	96936375	96948419	15	96393146	96405189	TRUE	FALSE	FALSE	FALSE	TRUE	TRUE	FALSE
ENSG00000273540	AGBL1	NA	NA	NA	15	86079871	87049169	FALSE	TRUE	FALSE	FALSE	TRUE	TRUE	FALSE
ENSG00000078328	RBFOX1	16	6069095	7763340	16	5239802	7713340	TRUE	TRUE	FALSE	FALSE	FALSE	TRUE	TRUE
ENSG00000103342	GSPT1	16	11961985	12009939	16	11868128	11916082	FALSE	FALSE	FALSE	FALSE	FALSE	TRUE	TRUE
ENSG00000048471	SNX29	16	12070594	12668146	16	11976734	12574287	TRUE	TRUE	FALSE	FALSE	TRUE	TRUE	FALSE
ENSG00000237515	SHISA9	16	12995477	13334272	16	12901598	13240416	TRUE	TRUE	FALSE	FALSE	TRUE	TRUE	TRUE
ENSG00000262267	U95743.1	16	13823994	13873617	16	13728654	13779760	TRUE	FALSE	FALSE	FALSE	TRUE	FALSE	FALSE
ENSG00000186260	MRTFB	16	14165178	14360630	16	14071319	14266773	FALSE	FALSE	FALSE	FALSE	TRUE	TRUE	TRUE
ENSG00000261130	RP11-1021N1.1	16	15489611	15609205	16	15395754	15515348	FALSE	TRUE	FALSE	FALSE	TRUE	FALSE	FALSE
ENSG00000166780	BMERB1	16	15528152	15718885	16	15434475	15625028	TRUE	TRUE	FALSE	FALSE	TRUE	TRUE	FALSE
ENSG00000166783	MARF1	16	15688243	15737023	16	15594387	15643154	FALSE	FALSE	FALSE	FALSE	TRUE	FALSE	TRUE
ENSG00000260675	TCERG1P2	16	17188208	17188784	16	17094351	17094927	TRUE	FALSE	FALSE	FALSE	TRUE	TRUE	FALSE
ENSG00000103489	XYLT1	16	17195626	17564738	16	17101769	17470960	FALSE	FALSE	FALSE	FALSE	TRUE	TRUE	TRUE
ENSG00000261555	CTD-3229J4.1	16	17919109	17920763	16	17825252	17826906	TRUE	FALSE	FALSE	FALSE	TRUE	TRUE	FALSE
ENSG00000214940	NPIPA8	16	18411799	18441131	16	18317919	18336736	FALSE	FALSE	FALSE	FALSE	FALSE	FALSE	TRUE
ENSG00000103316	CRYM	16	21250195	21314404	16	21238874	21303083	FALSE	FALSE	FALSE	FALSE	FALSE	TRUE	TRUE
ENSG00000197006	METTL9	16	21608539	21668794	16	21597218	21657471	TRUE	TRUE	FALSE	FALSE	TRUE	TRUE	FALSE
ENSG00000261596	CTB-31N19.3	16	21638063	21638723	16	21626742	21627569	FALSE	FALSE	TRUE	FALSE	TRUE	TRUE	FALSE
ENSG00000182601	HS3ST4	16	25703347	26149009	16	25691959	26137685	FALSE	FALSE	FALSE	FALSE	TRUE	TRUE	TRUE
ENSG00000102935	ZNF423	16	49521435	49891830	16	49487524	49857919	TRUE	TRUE	FALSE	FALSE	TRUE	TRUE	TRUE
ENSG00000103449	SALL1	16	51169886	51185278	16	51135982	51152334	TRUE	FALSE	FALSE	FALSE	TRUE	TRUE	TRUE
ENSG00000140718	FTO	16	53737875	54155853	16	53701692	54158512	TRUE	TRUE	FALSE	FALSE	TRUE	TRUE	TRUE
ENSG00000087258	GNAO1	16	56225302	56391356	16	56191390	56357444	TRUE	TRUE	FALSE	FALSE	TRUE	TRUE	TRUE
ENSG00000259844	GNPATP	16	60688139	60690553	16	60654235	60656649	TRUE	FALSE	FALSE	FALSE	FALSE	FALSE	FALSE
ENSG00000132604	TERF2	16	69389464	69442474	16	69355567	69408571	FALSE	FALSE	FALSE	FALSE	FALSE	TRUE	TRUE
ENSG00000102908	NFAT5	16	69598997	69738569	16	69565094	69704666	TRUE	FALSE	FALSE	FALSE	FALSE	TRUE	FALSE
ENSG00000166747	AP1G1	16	71762913	71843104	16	71729000	71809201	FALSE	FALSE	FALSE	FALSE	FALSE	TRUE	TRUE
ENSG00000118557	PMFBP1	16	72146056	72210777	16	72112157	72176878	TRUE	FALSE	TRUE	FALSE	FALSE	TRUE	FALSE
ENSG00000140836	ZFHX3	16	72816784	73093597	16	72782885	73891871	TRUE	TRUE	FALSE	FALSE	FALSE	TRUE	TRUE
ENSG00000152910	CNTNAP4	16	76311176	76593135	16	76277278	76560757	FALSE	FALSE	FALSE	FALSE	FALSE	TRUE	TRUE
ENSG00000103111	MON1B	16	77224732	77236302	16	77190835	77202398	TRUE	FALSE	FALSE	FALSE	FALSE	TRUE	FALSE
ENSG00000140945	CDH13	16	82660408	83830204	16	82626965	83800640	TRUE	TRUE	FALSE	TRUE	TRUE	TRUE	TRUE
ENSG00000154118	JPH3	16	87635441	87731762	16	87601835	87698156	FALSE	FALSE	FALSE	FALSE	FALSE	TRUE	TRUE
ENSG00000103257	SLC7A5	16	87863629	87903094	16	87830023	87869507	TRUE	TRUE	FALSE	FALSE	TRUE	TRUE	FALSE
ENSG00000285367	NA	NA	NA	NA	16	51150770	51442519	FALSE	TRUE	FALSE	FALSE	TRUE	FALSE	FALSE
ENSG00000280344	NA	NA	NA	NA	16	51176066	51178898	FALSE	TRUE	FALSE	FALSE	TRUE	TRUE	FALSE
ENSG00000070444	MNT	17	2287354	2304412	17	2384073	2401104	FALSE	FALSE	FALSE	FALSE	TRUE	TRUE	TRUE
ENSG00000127804	METTL16	17	2308856	2415185	17	2405562	2511891	TRUE	TRUE	FALSE	FALSE	TRUE	TRUE	FALSE
ENSG00000170004	CHD3	17	7788124	7816078	17	7884796	7912760	FALSE	FALSE	FALSE	FALSE	TRUE	TRUE	TRUE
ENSG00000220205	VAMP2	17	8062467	8066864	17	8159149	8163546	TRUE	FALSE	FALSE	FALSE	TRUE	TRUE	FALSE
ENSG00000188803	SHISA6	17	11144580	11467380	17	11241213	11564063	TRUE	TRUE	FALSE	FALSE	TRUE	FALSE	TRUE
ENSG00000132589	FLOT2	17	27206353	27224697	17	28879335	28897733	FALSE	FALSE	FALSE	TRUE	FALSE	TRUE	FALSE
ENSG00000179761	PIPOX	17	27277531	27384234	17	28950513	29057216	TRUE	FALSE	FALSE	FALSE	FALSE	TRUE	FALSE
ENSG00000160551	TAOK1	17	27717482	27878922	17	29390363	29551903	FALSE	FALSE	FALSE	FALSE	FALSE	FALSE	TRUE
ENSG00000108684	ASIC2	17	31340105	32501983	17	33013087	34174964	TRUE	TRUE	FALSE	FALSE	FALSE	TRUE	TRUE
ENSG00000126351	THRA	17	38214543	38250120	17	40058290	40093867	FALSE	FALSE	TRUE	FALSE	FALSE	TRUE	FALSE
ENSG00000186868	MAPT	17	43971748	44105700	17	45894527	46028334	TRUE	FALSE	FALSE	FALSE	FALSE	TRUE	FALSE
ENSG00000120071	KANSL1	17	44107282	44302733	17	46029916	46225389	FALSE	FALSE	FALSE	FALSE	FALSE	TRUE	TRUE
ENSG00000228782	MRPL45P2	17	45527934	45569858	17	47450568	47492493	TRUE	FALSE	FALSE	FALSE	FALSE	TRUE	FALSE
ENSG00000141279	NPEPPS	17	45600308	45700642	17	47522942	47624665	FALSE	FALSE	FALSE	FALSE	FALSE	TRUE	TRUE
ENSG00000120093	HOXB3	17	46626232	46682274	17	48548870	48604912	TRUE	FALSE	FALSE	FALSE	FALSE	TRUE	FALSE
ENSG00000233101	HOXB-AS3	17	46626992	46683776	17	48549630	48606414	FALSE	TRUE	FALSE	FALSE	FALSE	TRUE	FALSE
ENSG00000159217	IGF2BP1	17	47074774	47133012	17	48997385	49056145	FALSE	FALSE	FALSE	FALSE	FALSE	FALSE	TRUE
ENSG00000182628	SKA2	17	57187312	57232630	17	59109857	59155260	TRUE	FALSE	FALSE	FALSE	FALSE	TRUE	FALSE
ENSG00000141367	CLTC	17	57697219	57773671	17	59619684	59696956	FALSE	FALSE	FALSE	FALSE	FALSE	FALSE	TRUE
ENSG00000108370	RGS9	17	63133549	63223821	17	65100812	65227703	FALSE	FALSE	FALSE	FALSE	FALSE	FALSE	TRUE
ENSG00000265189	AC006080.1	17	63416701	63416778	NA	NA	NA	TRUE	FALSE	FALSE	FALSE	FALSE	TRUE	FALSE
ENSG00000171634	BPTF	17	65821640	65980494	17	67825503	67984378	TRUE	TRUE	FALSE	FALSE	FALSE	TRUE	TRUE
ENSG00000132478	UNK	17	73780681	73821886	17	75784806	75825799	TRUE	FALSE	FALSE	FALSE	FALSE	TRUE	TRUE
ENSG00000167281	RBFOX3	17	77085427	77613550	17	79089345	79611051	FALSE	FALSE	FALSE	FALSE	FALSE	TRUE	TRUE
ENSG00000141582	CBX4	17	77806955	77813228	17	79833156	79839440	TRUE	FALSE	FALSE	FALSE	TRUE	TRUE	FALSE
ENSG00000185624	P4HB	17	79801035	79818570	17	81843159	81860856	FALSE	FALSE	FALSE	FALSE	FALSE	FALSE	TRUE
ENSG00000169738	DCXR	17	79993012	79995608	17	82035136	82037709	TRUE	FALSE	FALSE	FALSE	TRUE	TRUE	FALSE
ENSG00000170579	DLGAP1	18	3496030	4455335	18	3496032	4455307	FALSE	FALSE	FALSE	FALSE	TRUE	TRUE	TRUE
ENSG00000141458	NPC1	18	21086148	21166862	18	23506184	23586506	TRUE	FALSE	FALSE	FALSE	TRUE	TRUE	TRUE
ENSG00000166960	CCDC178	18	30517366	31021065	18	32937402	33441101	TRUE	TRUE	FALSE	FALSE	TRUE	TRUE	TRUE
ENSG00000141431	ASXL3	18	31158579	31331156	18	33578219	33751195	FALSE	FALSE	FALSE	FALSE	TRUE	TRUE	TRUE
ENSG00000101746	NOL4	18	31431064	31804916	18	33851100	34224952	TRUE	FALSE	FALSE	FALSE	TRUE	TRUE	FALSE
ENSG00000101489	CELF4	18	34823010	35146000	18	37243040	37565827	TRUE	FALSE	FALSE	FALSE	TRUE	TRUE	TRUE
ENSG00000267374	MIR924HG	18	36786888	37380282	18	39206917	39800322	TRUE	FALSE	FALSE	FALSE	TRUE	TRUE	FALSE
ENSG00000078142	PIK3C3	18	39535171	39667794	18	41955234	42087830	FALSE	FALSE	FALSE	FALSE	FALSE	TRUE	TRUE
ENSG00000187323	DCC	18	49866542	51057784	18	52340197	53535903	TRUE	TRUE	TRUE	FALSE	TRUE	TRUE	TRUE
ENSG00000041353	RAB27B	18	52385091	52562747	18	54717860	54895516	TRUE	FALSE	TRUE	FALSE	TRUE	TRUE	FALSE
ENSG00000267013	LINC01929	18	52773135	52791537	18	55105904	55124306	TRUE	FALSE	FALSE	FALSE	TRUE	TRUE	FALSE
ENSG00000196628	TCF4	18	52889562	53332018	18	55222185	55664787	TRUE	TRUE	FALSE	FALSE	TRUE	TRUE	TRUE
ENSG00000141664	ZCCHC2	18	60190240	60254942	18	62523025	62587709	TRUE	TRUE	FALSE	FALSE	TRUE	TRUE	FALSE
ENSG00000081913	PHLPP1	18	60382672	60647666	18	62715541	62980433	FALSE	FALSE	FALSE	FALSE	TRUE	TRUE	TRUE
ENSG00000081138	CDH7	18	63417488	63548638	18	65750252	65890337	TRUE	FALSE	FALSE	FALSE	TRUE	TRUE	TRUE
ENSG00000130856	ZNF236	18	74534563	74682683	18	76822557	76972901	TRUE	FALSE	FALSE	FALSE	TRUE	TRUE	TRUE
ENSG00000267780	RP11-154H12.3	18	77552726	77576365	18	79792726	79816529	TRUE	TRUE	FALSE	FALSE	TRUE	TRUE	FALSE
ENSG00000178342	KCNG2	18	77623668	77660184	18	79797938	79900184	FALSE	FALSE	FALSE	FALSE	TRUE	TRUE	TRUE
ENSG00000105229	PIAS4	19	4007644	4039384	19	4007736	4039386	FALSE	FALSE	FALSE	FALSE	TRUE	TRUE	TRUE
ENSG00000178951	ZBTB7A	19	4044362	4066943	19	4043303	4066899	TRUE	FALSE	FALSE	FALSE	TRUE	TRUE	FALSE
ENSG00000121297	TSHZ3	19	31765851	31840453	19	31149979	31349436	FALSE	FALSE	FALSE	FALSE	TRUE	TRUE	TRUE
ENSG00000267662	TSHZ3-AS1	19	31839787	31908700	19	31348881	31417794	TRUE	TRUE	FALSE	FALSE	TRUE	TRUE	FALSE
ENSG00000105321	CCDC9	19	47759237	47775210	19	47255980	47273701	TRUE	FALSE	FALSE	FALSE	TRUE	TRUE	FALSE
ENSG00000118160	SLC8A2	19	47931274	47975425	19	47428017	47471893	FALSE	FALSE	FALSE	FALSE	FALSE	FALSE	TRUE
ENSG00000268318	LINC01872	19	51774520	51784488	19	51271266	51281234	TRUE	FALSE	FALSE	FALSE	TRUE	TRUE	FALSE
ENSG00000142549	IGLON5	19	51815102	51833608	19	51311644	51330891	FALSE	FALSE	FALSE	FALSE	TRUE	TRUE	TRUE
ENSG00000197183	NOL4L	20	31030862	31172876	20	32443059	32585333	TRUE	FALSE	FALSE	FALSE	TRUE	TRUE	TRUE
ENSG00000197122	SRC	20	35973088	36034453	20	37344685	37406050	FALSE	FALSE	FALSE	FALSE	FALSE	TRUE	TRUE
ENSG00000204117	RP4-640H8.2	20	36305312	36311636	20	37676889	37683234	TRUE	FALSE	FALSE	FALSE	TRUE	FALSE	FALSE
ENSG00000198900	TOP1	20	39657458	39753127	20	41028822	41124487	FALSE	FALSE	FALSE	FALSE	TRUE	TRUE	TRUE
ENSG00000174306	ZHX3	20	39807088	39946312	20	41178448	41317731	TRUE	TRUE	FALSE	FALSE	TRUE	TRUE	FALSE
ENSG00000196090	PTPRT	20	40701392	41818610	20	42072752	43189970	FALSE	FALSE	FALSE	FALSE	TRUE	TRUE	TRUE
ENSG00000237555	RP5-862K6.4	20	42017282	42017681	20	43388642	43389041	TRUE	FALSE	FALSE	FALSE	TRUE	FALSE	FALSE
ENSG00000124140	SLC12A5	20	44650356	44688784	20	46021690	46060150	TRUE	FALSE	FALSE	FALSE	TRUE	TRUE	TRUE
ENSG00000101017	CD40	20	44746911	44758502	20	46118271	46129863	FALSE	FALSE	TRUE	FALSE	TRUE	TRUE	FALSE
ENSG00000149654	CDH22	20	44802372	44937137	20	46173739	46308498	TRUE	TRUE	FALSE	FALSE	TRUE	TRUE	FALSE
ENSG00000101040	ZMYND8	20	45837859	45985567	20	47209214	47356889	TRUE	TRUE	FALSE	FALSE	TRUE	TRUE	TRUE
ENSG00000124126	PREX1	20	47240790	47444420	20	48624252	48827999	FALSE	FALSE	FALSE	FALSE	TRUE	TRUE	TRUE
ENSG00000124198	ARFGEF2	20	47538427	47653230	20	48921711	49036693	TRUE	FALSE	FALSE	FALSE	TRUE	TRUE	FALSE
ENSG00000124207	CSE1L	20	47662849	47713489	20	49046246	49096960	FALSE	FALSE	TRUE	FALSE	TRUE	TRUE	FALSE
ENSG00000158445	KCNB1	20	47980414	48099184	20	49293394	49484297	TRUE	FALSE	FALSE	FALSE	TRUE	TRUE	FALSE
ENSG00000234948	LINC01524	20	50827184	51266970	20	52192159	52670578	TRUE	TRUE	FALSE	FALSE	TRUE	TRUE	FALSE
ENSG00000182463	TSHZ2	20	51588946	52111869	20	52972358	53495330	FALSE	FALSE	FALSE	FALSE	TRUE	TRUE	TRUE
ENSG00000196074	SYCP2	20	58438618	58508710	20	59863564	59933655	FALSE	FALSE	FALSE	FALSE	FALSE	FALSE	TRUE
ENSG00000228340	MIR646HG	20	58662895	59102516	20	60087661	60653784	TRUE	TRUE	FALSE	FALSE	TRUE	TRUE	FALSE
ENSG00000179242	CDH4	20	59827482	60515673	20	61252261	61940617	FALSE	FALSE	FALSE	FALSE	TRUE	TRUE	TRUE
ENSG00000101204	CHRNA4	20	61975420	62009753	20	63343223	63378401	TRUE	TRUE	TRUE	FALSE	TRUE	TRUE	FALSE
ENSG00000075043	KCNQ2	20	62037542	62103993	20	63400208	63472677	FALSE	FALSE	FALSE	FALSE	TRUE	TRUE	TRUE
ENSG00000196700	ZNF512B	20	62588055	62680113	20	63956704	63969930	FALSE	FALSE	FALSE	FALSE	TRUE	TRUE	TRUE
ENSG00000196132	MYT1	20	62783144	62873604	20	64102394	64242253	TRUE	TRUE	FALSE	FALSE	TRUE	TRUE	FALSE
ENSG00000159231	CBR3	21	37507210	37518864	21	36135079	36146562	FALSE	FALSE	FALSE	TRUE	TRUE	TRUE	FALSE
ENSG00000235374	SSR4P1	21	46491648	46494080	21	45070952	45074165	TRUE	FALSE	FALSE	FALSE	TRUE	TRUE	FALSE
ENSG00000197381	ADARB1	21	46493768	46646478	21	45073853	45226560	FALSE	FALSE	FALSE	FALSE	TRUE	TRUE	TRUE
ENSG00000100218	RSPH14	22	23401593	23487208	22	23059415	23145021	TRUE	TRUE	FALSE	FALSE	TRUE	TRUE	FALSE
ENSG00000128266	GNAZ	22	23412540	23467224	22	23070519	23125032	FALSE	FALSE	FALSE	FALSE	TRUE	TRUE	TRUE
ENSG00000184792	OSBP2	22	31089769	31303811	22	30693782	30907824	TRUE	TRUE	FALSE	FALSE	TRUE	TRUE	FALSE
ENSG00000133422	MORC2	22	31321117	31364284	22	30925130	30968774	FALSE	FALSE	FALSE	FALSE	TRUE	TRUE	TRUE
ENSG00000100345	MYH9	22	36677327	36784063	22	36281280	36388010	FALSE	FALSE	FALSE	FALSE	FALSE	FALSE	TRUE
ENSG00000166862	CACNG2	22	36959968	37099603	22	36560857	36703752	TRUE	FALSE	FALSE	FALSE	TRUE	TRUE	FALSE
ENSG00000100387	RBX1	22	41347351	41369313	22	40951347	40973309	TRUE	FALSE	FALSE	FALSE	TRUE	TRUE	FALSE
ENSG00000100393	EP300	22	41487790	41576081	22	41092592	41180077	FALSE	FALSE	FALSE	FALSE	TRUE	TRUE	TRUE
ENSG00000197182	MIRLET7BHG	22	46449749	46509808	22	46053869	46113928	TRUE	TRUE	FALSE	FALSE	TRUE	TRUE	FALSE
ENSG00000075275	CELSR1	22	46756731	46933067	22	46360834	46537620	FALSE	FALSE	FALSE	FALSE	FALSE	FALSE	TRUE
ENSG00000219438	TAFA5	22	48885272	49246724	22	48489553	48850912	TRUE	FALSE	FALSE	FALSE	TRUE	TRUE	TRUE
ENSG00000226142	RPL35P8	22	49609837	49610173	22	49213911	49214247	TRUE	FALSE	FALSE	FALSE	TRUE	TRUE	FALSE
ENSG00000170638	TRABD	22	50624344	50638027	22	50185913	50199598	TRUE	FALSE	FALSE	FALSE	TRUE	TRUE	FALSE
ENSG00000185386	MAPK11	22	50702142	50709196	22	50263713	50270767	FALSE	FALSE	TRUE	FALSE	TRUE	TRUE	FALSE
ENSG00000251322	SHANK3	22	51112843	51171726	22	50674415	50733212	FALSE	FALSE	FALSE	FALSE	FALSE	FALSE	TRUE
ENSG00000287225	NA	NA	NA	NA	22	48474135	48489324	FALSE	TRUE	FALSE	FALSE	TRUE	FALSE	FALSE
