Gene,probeID,ProbeChr,Probe_bp,topSNP,topSNP_chr,topSNP_bp,A1,A2,Freq,b_GWAS,se_GWAS,p_GWAS,b_eQTL,se_eQTL,p_eQTL,b_SMR,se_SMR,p_SMR,p_HEIDI,nsnp_HEIDI,HGNCName,p_SMR_bonf
ENSG00000006071.14,ENSG00000006071.14,11,17476879,rs985136,11,17476247,C,G,0.513917,-0.0183015,0.0168,0.2763,-0.792151,0.113077,2.46281e-12,0.0231036,0.021463,0.2817315,0.4368111,6,ABCC8,1
ENSG00000006282.21,ENSG00000006282.21,17,50546306,rs8076632,17,50548567,C,G,0.650099,0.00160128,0.0025,0.5298,0.910917,0.115981,4.02974e-15,0.00175788,0.0027536,0.5232178,0.0172323,20,SPATA20,1
ENSG00000006744.19,ENSG00000006744.19,17,13018065,rs11078104,17,12966947,C,T,0.841948,0.00260339,0.0032,0.4153,0.895155,0.152517,4.379031e-09,0.00290831,0.00360898,0.4203276,0.5297418,20,ELAC2,1
ENSG00000007171.18,ENSG00000007171.18,17,27800529,rs3751972,17,27879388,C,A,0.242545,0.00929665,0.0028,0.0008099,0.888137,0.134257,3.710499e-11,0.0104676,0.00352749,0.003002945,0.351544,13,NOS2,1
ENSG00000011376.12,ENSG00000011376.12,3,45388561,rs3821895,3,45546491,A,G,0.666998,-0.00019998,0.0026,0.9539,0.697466,0.122728,1.323519e-08,-0.000286724,0.00372812,0.9386965,0.05364699,20,LARS2,1
ENSG00000011590.14,ENSG00000011590.14,19,35704558,rs231592,19,35728308,A,G,0.520875,0.00549507,0.0023,0.0181,-0.769407,0.114628,1.917118e-11,-0.00714195,0.00317303,0.02439649,0.2385765,20,ZBTB32,1
ENSG00000012223.13,ENSG00000012223.13,3,46485234,rs2139634,3,46479902,G,T,0.585487,0.00210221,0.0024,0.3852,-0.875943,0.116565,5.708525e-14,-0.00239994,0.00275845,0.3842843,0.195179,20,LTF,1
ENSG00000013016.16,ENSG00000013016.16,2,31234152,rs59173189,2,30330536,A,G,0.963221,0.00609856,0.0085,0.4765,0,NA,NA,-Inf,NA,NA,NA,NA,EHD3,NA
ENSG00000013288.9,ENSG00000013288.9,4,6575189,rs6446515,4,6611735,A,G,0.822068,0.00210221,0.0037,0.5751,0.978503,0.15188,1.174441e-10,0.00214839,0.00379596,0.5714157,0.3762401,4,MAN2B2,1
ENSG00000013573.17,ENSG00000013573.17,12,31073860,rs3825325,12,31103286,A,G,0.55666,0.004902,0.0024,0.04162,0.969889,0.101385,1.106931e-21,0.00505418,0.00253028,0.04577335,0.3640309,20,DDX11,1
ENSG00000013583.10,ENSG00000013583.10,12,13000265,rs1642199,12,12927395,T,G,0.558648,0.00180162,0.0025,0.4637,0.8028,0.11464,2.508971e-12,0.00224417,0.00313055,0.4734587,0.2639269,15,HEBP1,1
ENSG00000015592.16,ENSG00000015592.16,8,27258420,rs17366947,8,27245507,A,G,0.62326,0.00429923,0.0025,0.08512,0.965475,0.102366,4.0388e-21,0.00445297,0.00263209,0.09068428,0.03072209,20,STMN4,1
ENSG00000022556.16,ENSG00000022556.16,19,54953130,rs4422092,19,54962842,A,G,0.44334,0.00310481,0.0045,0.4838,0.676407,0.121836,2.827432e-08,0.00459016,0.00670398,0.4935385,0.204578,20,NLRP2,1
ENSG00000036448.10,ENSG00000036448.10,8,2045046,rs2280902,8,2129084,A,G,0.421471,0.00929665,0.0026,0.0002509,0.79616,0.113046,1.884149e-12,0.0116769,0.00366245,0.001431297,0.1993493,20,MYOM2,0.639789759
ENSG00000036565.15,ENSG00000036565.15,8,20183206,rs2270638,8,20179506,T,C,0.626243,-0.00149888,0.0024,0.5251,-0.821263,0.116876,2.113247e-12,0.00182509,0.00293385,0.5338896,0.238458,15,SLC18A1,1
ENSG00000037474.15,ENSG00000037474.15,5,6633291,rs506416,5,6605158,A,G,0.672962,-0.00279609,0.0025,0.2597,-0.871358,0.118889,2.315314e-13,0.00320888,0.0029023,0.2688842,0.9775755,20,NSUN2,1
ENSG00000037757.14,ENSG00000037757.14,19,13764522,rs375486,19,13760740,T,C,0.584493,-0.0036035,0.0031,0.2456,0.872842,0.108994,1.164003e-15,-0.00412846,0.00358883,0.2499942,0.2680168,6,MRI1,1
ENSG00000038002.9,ENSG00000038002.9,4,177442437,rs13106192,4,177440968,C,G,0.658052,-0.00239712,0.0026,0.3486,0.708475,0.124172,1.159339e-08,-0.0033835,0.00371746,0.3627357,0.6018358,11,AGA,1
ENSG00000041802.11,ENSG00000041802.11,3,194672463,rs112097663,3,194656983,C,T,0.835984,-0.00219758,0.0034,0.5122,-1.01482,0.174056,5.529475e-09,0.00216549,0.00337088,0.5206053,0.5392255,4,LSG1,1
ENSG00000042317.17,ENSG00000042317.17,14,88384924,rs72687905,14,87422929,C,T,0.982107,0.0062998,0.0079,0.4196,0,NA,NA,-Inf,NA,NA,0.3659834,20,SPATA7,NA
ENSG00000048462.11,ENSG00000048462.11,16,11965210,rs2869492,16,11977484,C,T,0.416501,0.000499875,0.0026,0.8493,0.698846,0.12134,8.44136e-09,0.000715287,0.00372249,0.8476227,0.5059084,16,TNFRSF17,1
ENSG00000050393.11,ENSG00000050393.11,6,13814568,rs6908771,6,13773756,C,T,0.409543,0.00489799,0.0025,0.0495,0.767385,0.118805,1.052579e-10,0.00638269,0.00340438,0.06081383,0.1185362,14,MCUR1,1
ENSG00000059122.16,ENSG00000059122.16,16,2911937,rs9928222,16,2936322,T,C,0.50497,0.00160128,0.0024,0.4928,-0.834672,0.110734,4.787008e-14,-0.00191846,0.00288662,0.5063051,0.7390219,20,FLYWCH1,1
ENSG00000063854.13,ENSG00000063854.13,16,1826841,rs2437747,16,1869664,T,G,0.627237,0.00130085,0.0025,0.5939,-0.718835,0.126342,1.273369e-08,-0.00180966,0.00349236,0.6043356,0.3307353,16,HAGH,1
ENSG00000065268.10,ENSG00000065268.10,19,984271,rs8106918,19,994814,G,T,0.740557,0.00459941,0.005,0.3585,-0.814872,0.136175,2.177229e-09,-0.00564433,0.00620801,0.3632438,0.3555899,20,WDR18,1
ENSG00000065621.15,ENSG00000065621.15,10,104268873,rs6584592,10,104280022,C,T,0.635189,0.00549507,0.0025,0.02676,0.711752,0.124939,1.220772e-08,0.00772049,0.00376484,0.04029809,0.05864809,20,GSTO2,1
ENSG00000068781.21,ENSG00000068781.21,2,48768954,rs2140551,2,48595242,G,A,0.442346,0.00659818,0.0025,0.009458,-0.742374,0.116517,1.873095e-10,-0.00888795,0.00364507,0.01475447,0.4367785,19,STON1-GTF2A1L,1
ENSG00000068784.13,ENSG00000068784.13,2,45612165,rs146717714,2,44760037,C,T,0.99006,-0.0152038,0.018,0.3991,0,NA,NA,Inf,NA,NA,0.1102542,5,SRBD1,NA
ENSG00000070778.13,ENSG00000070778.13,14,88555007,rs12879786,14,87614734,G,A,0.952286,0.00359646,0.0073,0.6254,0,NA,NA,-Inf,NA,NA,NA,NA,PTPN21,NA
ENSG00000071054.16,ENSG00000071054.16,2,101696850,rs115017105,2,100843936,C,T,0.989066,-0.00770028,0.0175,0.6609,0,NA,NA,Inf,NA,NA,NA,NA,MAP4K4,NA
ENSG00000071894.17,ENSG00000071894.17,8,144409335,rs7014684,8,144363955,G,A,0.427435,0.00149888,0.0025,0.5352,-0.83586,0.112726,1.21625e-13,-0.00179321,0.00300069,0.5501068,0.001200896,16,CPSF1,1
ENSG00000071967.12,ENSG00000071967.12,2,171522247,rs6734880,2,171532751,A,G,0.785288,0.00250313,0.0027,0.3524,-0.753227,0.131794,1.095751e-08,-0.00332321,0.00363143,0.3601268,0.1802802,16,CYBRD1,1
ENSG00000075131.10,ENSG00000075131.10,15,66386746,rs11856510,15,66403994,T,G,0.890656,-0.0145043,0.0044,0.0008595,-1.37703,0.200377,6.32192e-12,0.010533,0.00354387,0.002956886,0.3964822,6,TIPIN,1
ENSG00000075239.14,ENSG00000075239.14,11,108116695,rs79062526,11,107282592,A,G,0.859841,0.00680309,0.0035,0.04921,0,NA,NA,-Inf,NA,NA,NA,NA,ACAT1,NA
ENSG00000078246.17,ENSG00000078246.17,12,2890887,rs2907607,12,2891915,C,A,0.627237,-0.000499875,0.0026,0.8341,0.698598,0.125147,2.374947e-08,-0.000715541,0.00372395,0.8476281,0.2366754,14,TULP3,1
ENSG00000078487.17,ENSG00000078487.17,7,100428792,rs11771241,7,100397162,G,A,0.807157,0.00599795,0.003,0.04268,-0.891626,0.163511,4.95272e-08,-0.00672698,0.00358366,0.06050103,0.421503,9,ZCWPW1,1
ENSG00000080031.10,ENSG00000080031.10,19,55209506,rs76990668,19,55207327,T,C,0.925447,0.00660174,0.0051,0.2005,1.42196,0.250999,1.468529e-08,0.0046427,0.00367903,0.2069717,0.2018141,6,PTPRH,1
ENSG00000084072.16,ENSG00000084072.16,1,39692182,rs12094291,1,39760374,G,A,0.643141,-0.00249688,0.0025,0.3165,-0.755854,0.120263,3.278536e-10,0.00330339,0.00334902,0.3239489,0.1487137,14,PPIE,1
ENSG00000084628.10,ENSG00000084628.10,1,31239887,rs12033154,1,31213238,A,G,0.224652,-0.00180162,0.0028,0.5142,-0.875182,0.140352,4.500494e-10,0.00205857,0.00321632,0.5221479,0.07343975,20,NKAIN1,1
ENSG00000086848.15,ENSG00000086848.15,11,111871581,rs7951632,11,110982461,G,A,0.94334,-0.0109004,0.0055,0.04749,0,NA,NA,Inf,NA,NA,0.8298526,3,ALG9,NA
ENSG00000087301.9,ENSG00000087301.9,14,52552522,rs74050256,14,52512030,G,C,0.929423,0.00619918,0.0046,0.18,1.22546,0.215917,1.382031e-08,0.00505867,0.00385807,0.1897933,0.06071663,20,TXNDC16,1
ENSG00000088756.12,ENSG00000088756.12,18,6729718,rs11876610,18,6727177,T,C,0.483101,-0.00170145,0.0025,0.4977,0.663464,0.120766,3.933763e-08,-0.00256449,0.0037969,0.4994117,0.5156534,8,ARHGAP28,1
ENSG00000091436.17,ENSG00000091436.17,2,173075435,rs6710250,2,172090632,C,A,0.190855,-0.00480151,0.0032,0.1297,0,NA,NA,-Inf,NA,NA,NA,NA,MAP3K20,NA
ENSG00000092094.11,ENSG00000092094.11,14,20455053,rs938889,14,20440582,T,C,0.367793,0.00249688,0.0024,0.298,-0.731106,0.117172,4.386914e-10,-0.00341521,0.00332801,0.3047974,0.6837189,13,OSGEP,1
ENSG00000099977.14,ENSG00000099977.14,22,23979828,rs5760102,22,23906574,C,T,0.636183,0.00080032,0.0025,0.7537,0.782477,0.117886,3.188324e-11,0.0010228,0.00319869,0.749153,0.5086157,20,DDT,1
ENSG00000100151.16,ENSG00000100151.16,22,38056311,rs742396,22,38056247,G,C,0.612326,-0.00430074,0.0024,0.07526,-0.877,0.108026,4.72371e-16,0.00490392,0.00280248,0.08014361,0.3048314,20,PICK1,1
ENSG00000100376.12,ENSG00000100376.12,22,45308968,rs62231146,22,45411657,G,C,0.866799,-0.00059982,0.0035,0.87,-1.38007,0.15714,1.600233e-18,0.00043463,0.00253659,0.8639529,0.7863118,20,FAM118A,1
ENSG00000100867.14,ENSG00000100867.14,14,23630115,rs35270753,14,23646312,A,T,0.697813,-0.00580313,0.0043,0.1712,-0.734714,0.130421,1.766908e-08,0.00789849,0.00601822,0.1893753,NA,NA,DHRS2,1
ENSG00000100987.14,ENSG00000100987.14,20,25082365,rs2207635,20,25090868,T,C,0.771372,-0.000699755,0.0028,0.8124,0.811919,0.141135,8.777738e-09,-0.000861853,0.00345187,0.8028371,0.5344251,20,VSX1,1
ENSG00000101158.15,ENSG00000101158.15,20,58981208,rs73133181,20,59083674,G,A,0.822068,0.00240288,0.0032,0.4535,0.863833,0.158188,4.739937e-08,0.00278166,0.00373928,0.4569361,0.1141551,18,NELFCD,1
ENSG00000101307.15,ENSG00000101307.15,20,1620061,rs2253953,20,1567096,A,T,0.227634,0.00760104,0.0037,0.0408,0.863913,0.132222,6.41218e-11,0.00879838,0.00448955,0.05002512,0.1223196,20,SIRPB1,1
ENSG00000101425.13,ENSG00000101425.13,20,38304123,rs1341024,20,38304274,G,C,0.455268,-0.00130085,0.0166,0.9395,-0.661295,0.120613,4.186466e-08,0.00196712,0.0251048,0.9375447,0.5831794,11,BPI,1
ENSG00000101639.18,ENSG00000101639.18,18,12991362,rs7241536,18,13033975,G,A,0.382704,-0.00060018,0.0024,0.7973,0.802191,0.11926,1.739122e-11,-0.000748176,0.00299387,0.8026628,0.7247186,20,CEP192,1
ENSG00000102858.13,ENSG00000102858.13,16,4616493,rs844488,16,4687382,G,A,0.434394,0.00079968,0.0024,0.7293,-0.843744,0.111095,3.082682e-14,-0.000947776,0.0028472,0.739225,0.009993259,20,MGRN1,1
ENSG00000102900.13,ENSG00000102900.13,16,56730118,rs8045306,16,56849797,G,C,0.606362,-0.00649884,0.0053,0.2179,0.678,0.120942,2.070559e-08,-0.00958531,0.00800192,0.2309654,0.11245,11,NUP93,1
ENSG00000103168.16,ENSG00000103168.16,16,84187070,rs2230126,16,84184959,T,C,0.847913,-0.00039992,0.0035,0.9128,0.865464,0.156057,2.926125e-08,-0.000462088,0.00404493,0.9090486,0.8619425,13,TAF1C,1
ENSG00000103226.18,ENSG00000103226.18,16,16232528,rs55709104,16,16202631,G,A,0.745527,-0.00719583,0.0055,0.1887,0.809725,0.135437,2.250626e-09,-0.00888675,0.00695317,0.2012188,0.195658,16,NOMO3,1
ENSG00000103351.13,ENSG00000103351.13,16,3500976,rs62037801,16,3620921,C,A,0.852883,-0.001998,0.0034,0.5598,-1.02408,0.137228,8.483172e-14,0.00195102,0.00333033,0.5579869,0.002682659,20,CLUAP1,1
ENSG00000103550.14,ENSG00000103550.14,16,19717694,rs11641968,16,19708936,A,G,0.83996,-0.00850374,0.0031,0.006665,-1.01458,0.164785,7.413587e-10,0.00838154,0.00334499,0.01222085,0.1684099,18,KNOP1,1
ENSG00000103642.12,ENSG00000103642.12,15,63121833,rs4775622,15,63115980,A,C,0.507952,-0.00339576,0.0025,0.1672,-0.705786,0.117934,2.169223e-09,0.00481132,0.00363224,0.1852992,0.5652249,20,LACTB,1
ENSG00000104228.13,ENSG00000104228.13,8,27311272,rs17366947,8,27245507,A,G,0.62326,0.00429923,0.0025,0.08512,0.87355,0.109745,1.723183e-15,0.00492156,0.00292791,0.09278051,0.3005258,17,TRIM35,1
ENSG00000104369.5,ENSG00000104369.5,8,74321513,rs2977064,8,74180675,A,C,0.780318,-0.00039992,0.0028,0.8787,-0.972191,0.132835,2.501978e-13,0.00041136,0.00288064,0.886447,0.4997516,13,JPH1,1
ENSG00000104783.14,ENSG00000104783.14,19,43781257,rs62116961,19,43779691,G,C,0.65507,-0.00129916,0.0025,0.6163,-0.68554,0.121757,1.797921e-08,0.00189508,0.00366226,0.604833,0.743286,18,KCNN4,1
ENSG00000105499.14,ENSG00000105499.14,19,48110817,rs397170,19,48100383,G,A,0.868787,0.000500125,0.0034,0.8728,-0.837153,0.150162,2.475304e-08,-0.000597411,0.0040628,0.883097,0.6259462,12,PLA2G4C,1
ENSG00000105668.7,ENSG00000105668.7,19,35666516,rs10422762,19,35666265,G,A,0.510934,0.00470103,0.0024,0.04686,-0.669198,0.120053,2.486704e-08,-0.00702487,0.00380136,0.06460404,0.4460033,20,UPK1A,1
ENSG00000105976.15,ENSG00000105976.15,7,116672196,rs42374,7,116804016,T,C,0.55666,0.00480151,0.0024,0.04277,0.715688,0.120429,2.801941e-09,0.00670894,0.00353834,0.05795086,0.04717909,20,MET,1
ENSG00000106392.10,ENSG00000106392.10,7,7156934,rs7780273,7,7210818,A,C,0.636183,-0.0111971,0.0028,6.607e-05,-0.769118,0.121754,2.666903e-10,0.0145583,0.00430869,0.0007279442,0.005294269,20,C1GALT1,0.3253910574
ENSG00000106733.21,ENSG00000106733.21,9,75088217,rs11144225,9,75092384,A,T,0.631213,-0.00390238,0.0043,0.3626,0.982878,0.100511,1.388469e-22,-0.00397036,0.00439371,0.3661831,0.709301,20,NMRK1,1
ENSG00000107951.14,ENSG00000107951.14,10,30374448,rs2246584,10,30335812,C,T,0.705765,-0.00179838,0.0026,0.4795,0.711446,0.127646,2.495279e-08,-0.00252778,0.00368256,0.4924484,0.6044233,12,MTPAP,1
ENSG00000107959.16,ENSG00000107959.16,10,3172841,rs76088740,10,3151220,C,T,0.955268,0.000900405,0.0069,0.8936,1.18002,0.211693,2.486699e-08,0.000763043,0.00584897,0.8962043,0.9057451,5,PITRM1,1
ENSG00000108379.10,ENSG00000108379.10,17,46833058,rs9904865,17,46830897,T,C,0.627237,-0.00469894,0.003,0.1149,-0.813955,0.126768,1.3556e-10,0.00577297,0.00379379,0.1280864,0.01867466,9,WNT3,1
ENSG00000108592.17,ENSG00000108592.17,17,63830012,rs2036911,17,63717479,T,A,0.597416,-0.00249688,0.0025,0.3176,0.731668,0.119048,7.946131e-10,-0.00341259,0.00346167,0.3242213,0.2690682,20,FTSJ3,1
ENSG00000109576.14,ENSG00000109576.14,4,170091699,rs113104740,4,170142746,A,G,0.923459,-0.00840458,0.0038,0.0285,1.09194,0.173181,2.878219e-10,-0.0076969,0.00368793,0.03688321,0.7840965,20,AADAT,1
ENSG00000109775.11,ENSG00000109775.11,4,185425979,rs3937625,4,185438681,G,A,0.708748,-0.00410158,0.0027,0.1291,1.0102,0.143719,2.080191e-12,-0.00406017,0.00273445,0.137591,0.3945631,20,UFSP2,1
ENSG00000109832.14,ENSG00000109832.14,11,125903370,rs1124709,11,125904191,G,T,0.744533,0.00230265,0.0027,0.396,-0.91086,0.139685,6.993352e-11,-0.00252799,0.00298948,0.3977584,0.3698132,20,DDX25,1
ENSG00000110435.12,ENSG00000110435.12,11,34915829,rs10768046,11,34011604,C,T,0.685885,-0.00179838,0.0026,0.4783,0,NA,NA,Inf,NA,NA,0.8339962,11,PDHX,NA
ENSG00000110628.15,ENSG00000110628.15,11,2899791,rs1048047,11,2903380,A,G,0.601392,-0.00119928,0.0024,0.6358,-0.671566,0.121077,2.912778e-08,0.0017858,0.00358821,0.6187064,0.6345235,10,SLC22A18,1
ENSG00000111215.12,ENSG00000111215.12,12,10849475,rs34590962,12,11174322,T,C,0.217694,0.00370313,0.0027,0.1757,0.785768,0.136755,9.148731e-09,0.00471276,0.00353266,0.1821869,0.2900848,18,PRR4,1
ENSG00000111254.8,ENSG00000111254.8,12,4649051,rs4766266,12,4640429,C,G,0.525845,0.00389759,0.0093,0.6753,0.685644,0.12234,2.089784e-08,0.00568456,0.0136018,0.6759995,0.259526,20,AKAP3,1
ENSG00000111321.11,ENSG00000111321.11,12,6375225,rs10849448,12,6384185,G,A,0.737575,0.00290421,0.003,0.3366,-0.832324,0.140136,2.860677e-09,-0.00348928,0.00365193,0.3393437,0.8303802,8,LTBR,1
ENSG00000111671.9,ENSG00000111671.9,12,6889358,rs5446,12,6847298,C,T,0.696819,-0.00770028,0.0027,0.004341,-0.865128,0.11854,2.916426e-13,0.00890074,0.00335075,0.007899423,NA,NA,SPSB2,1
ENSG00000111912.20,ENSG00000111912.20,6,125781161,rs614031,6,125844574,G,T,0.577535,0.00190181,0.0024,0.4285,0.704597,0.120741,5.359731e-09,0.00269914,0.00343746,0.4323284,0.05058504,17,NCOA7,1
ENSG00000112031.16,ENSG00000112031.16,6,153002709,rs9384062,6,152992013,C,T,0.310139,0.00529595,0.0026,0.04315,0.805727,0.123631,7.163176e-11,0.00657289,0.00338084,0.05187606,0.6494332,20,MTRF1L,1
ENSG00000112339.15,ENSG00000112339.15,6,135103056,rs9389251,6,135004579,G,A,0.489066,-0.00280393,0.0024,0.2328,-0.736707,0.118293,4.730303e-10,0.00380603,0.00331457,0.2508559,0.09688781,20,HBS1L,1
ENSG00000112530.11,ENSG00000112530.11,6,162727132,rs67046187,6,162647500,C,A,0.874751,0.0144032,0.0042,0.0006474,-0.990324,0.158093,3.747438e-10,-0.014544,0.00483497,0.002629081,0.5158162,20,PACRG,1
ENSG00000113231.13,ENSG00000113231.13,5,77210449,rs7732130,5,77139179,G,A,0.328032,-0.00680309,0.0026,0.008068,0.720675,0.13042,3.279887e-08,-0.00943988,0.00399175,0.01803755,0.04122978,4,PDE8B,1
ENSG00000113812.14,ENSG00000113812.14,3,53882152,rs999514,3,53855822,T,C,0.592445,-0.00139902,0.0027,0.6052,0.809768,0.116169,3.155924e-12,-0.00172768,0.00334349,0.6053445,0.3762989,10,ACTR8,1
ENSG00000113971.20,ENSG00000113971.20,3,132722414,rs3860502,3,132719255,C,T,0.78827,0.0010005,0.0032,0.7616,1.00532,0.1385,3.911154e-13,0.000995206,0.00318602,0.7547618,0.09697828,8,NPHP3,1
ENSG00000114124.2,ENSG00000114124.2,3,141778148,rs76285412,3,141745873,C,G,0.939364,-0.0124028,0.0057,0.0294,-1.25966,0.229614,4.11137e-08,0.00984612,0.00486797,0.04311078,0.05496125,20,GRK7,1
ENSG00000114491.14,ENSG00000114491.14,3,124730433,rs73184292,3,123969613,T,C,0.967197,0.00989883,0.0061,0.1077,0,NA,NA,-Inf,NA,NA,NA,NA,UMPS,NA
ENSG00000114547.10,ENSG00000114547.10,3,125969160,rs113450106,3,125959554,G,T,0.727634,-0.00469894,0.0028,0.09458,0.816852,0.125813,8.436733e-11,-0.0057525,0.00354045,0.1042064,0.1651396,20,ROPN1B,1
ENSG00000115252.18,ENSG00000115252.18,2,182523192,rs6747954,2,182550763,A,T,0.779324,0.0127003,0.0028,6.876e-06,-1.04878,0.124437,3.510245e-17,-0.0121096,0.00303185,6.492831e-05,0.2427041,20,PDE1A,0.02902295457
ENSG00000115295.20,ENSG00000115295.20,2,29097705,rs12464240,2,28138964,T,C,0.730616,0.00559563,0.0027,0.03572,0,NA,NA,-Inf,NA,NA,0.09214204,16,CLIP4,NA
ENSG00000115604.10,ENSG00000115604.10,2,102355929,rs10182639,2,102319345,A,C,0.493042,-0.000699755,0.0023,0.7617,-0.730511,0.117077,4.3869e-10,0.000957898,0.00315222,0.7612191,0.2828339,17,IL18R1,1
ENSG00000115649.16,ENSG00000115649.16,2,219177922,rs6715064,2,219177206,C,T,0.694831,-0.0109993,0.0025,1.557e-05,0.790347,0.127368,5.462738e-10,-0.013917,0.0038776,0.0003318426,0.150084,20,CNPPD1,0.1483336422
ENSG00000117226.12,ENSG00000117226.12,1,89022894,rs61798916,1,89028274,G,A,0.662028,-0.00649884,0.0025,0.008938,0.953904,0.106899,4.521877e-19,-0.00681289,0.00272975,0.01256777,0.8979307,20,GBP3,1
ENSG00000117748.10,ENSG00000117748.10,1,27914746,rs17185052,1,27914572,G,A,0.937376,0.00790113,0.0054,0.1433,-1.39626,0.231499,1.625449e-09,-0.00565877,0.00397964,0.1550467,0.884159,3,RPA2,1
ENSG00000117834.12,ENSG00000117834.12,1,48222685,rs2354006,1,48327379,C,T,0.575547,0.00160128,0.0024,0.496,-0.822999,0.114931,8.020769e-13,-0.00194567,0.0029288,0.5064835,0.072496,20,SLC5A9,1
ENSG00000118363.12,ENSG00000118363.12,11,74949247,rs11605220,11,73952702,G,A,0.960239,0.00120072,0.0067,0.8579,0,NA,NA,-Inf,NA,NA,NA,NA,SPCS2,NA
ENSG00000118514.14,ENSG00000118514.14,6,134950115,rs11754783,6,135026523,A,T,0.489066,0.0231011,0.0176,0.1899,-0.787449,0.115774,1.034641e-11,-0.0293366,0.022763,0.1974731,0.0795196,20,ALDH8A1,1
ENSG00000119147.10,ENSG00000119147.10,2,106063246,rs7594285,2,106107450,G,C,0.225646,-0.0116982,0.003,0.000119,-0.934335,0.148392,3.046383e-10,0.0125203,0.00377671,0.0009160008,0.003626436,13,ECRG4,0.4094523576
ENSG00000119715.15,ENSG00000119715.15,14,76310712,rs74504985,14,75330216,C,G,0.94831,0.00140098,0.0082,0.8642,0,NA,NA,-Inf,NA,NA,NA,NA,ESRRB,NA
ENSG00000119718.11,ENSG00000119718.11,14,75002921,rs4899552,14,75201218,C,A,0.55169,-0.00350385,0.0026,0.1753,0.736338,0.117954,4.303564e-10,-0.00475849,0.00361233,0.1877411,0.09137519,20,EIF2B2,1
ENSG00000120071.14,ENSG00000120071.14,17,46225389,rs199451,17,46724418,G,A,0.777336,-0.00600195,0.003,0.04273,-0.863966,0.150485,9.400826e-09,0.00694698,0.00367715,0.05886116,0.000284738,9,KANSL1,1
ENSG00000120451.10,ENSG00000120451.10,11,130916509,rs3751033,11,130916450,C,A,0.553678,0.00140098,0.0025,0.5925,0.754336,0.115173,5.769143e-11,0.00185724,0.00332628,0.5766038,0.6873384,20,SNX19,1
ENSG00000120647.10,ENSG00000120647.10,12,389321,rs11613357,12,448228,G,A,0.815109,-0.00320486,0.0031,0.2954,0.915298,0.159922,1.044129e-08,-0.00350144,0.00344168,0.3089814,0.8679603,20,CCDC77,1
ENSG00000120669.16,ENSG00000120669.16,13,36214588,rs912930,13,36256525,T,C,0.569583,-0.00760104,0.0025,0.002102,-0.817361,0.111312,2.088586e-13,0.00929949,0.00331045,0.0049675,0.2662293,20,SOHLH2,1
ENSG00000120675.6,ENSG00000120675.6,13,43023203,rs11618553,13,43033514,A,G,0.744533,-0.00649884,0.0028,0.02201,0.890725,0.13802,1.092241e-10,-0.00729612,0.00334063,0.02895798,0.130343,6,DNAJC15,1
ENSG00000121716.20,ENSG00000121716.20,7,100352176,rs705866,7,100367662,T,C,0.824056,0.00589736,0.003,0.04738,-1.08027,0.145357,1.071301e-13,-0.00545916,0.0028726,0.05737713,0.4922724,17,PILRB,1
ENSG00000122359.18,ENSG00000122359.18,10,80205572,rs9645553,10,80189929,T,C,0.761431,-0.00239712,0.0029,0.4162,0.866482,0.143767,1.670313e-09,-0.0027665,0.0033782,0.4128271,0.1540343,20,ANXA11,1
ENSG00000122481.17,ENSG00000122481.17,1,95234210,rs2039614,1,95224713,T,C,0.764414,-0.00840458,0.0032,0.008595,-0.811165,0.143854,1.712389e-08,0.0103611,0.00435188,0.0172733,0.5877916,18,RWDD3,1
ENSG00000122507.21,ENSG00000122507.21,7,33109557,rs10259915,7,33129275,T,G,0.796223,0.00040008,0.0029,0.8823,0.885127,0.129818,9.218801e-12,0.000452003,0.00327704,0.8902954,0.0008238067,20,BBS9,1
ENSG00000122591.12,ENSG00000122591.12,7,23014130,rs3891325,7,22935385,C,T,0.537773,-0.00320486,0.0024,0.1724,-0.693211,0.122958,1.722359e-08,0.00462321,0.00355794,0.1938047,0.4222478,12,FAM126A,1
ENSG00000122674.12,ENSG00000122674.12,7,5898733,rs4476910,7,6845133,A,C,0.508946,0.00860289,0.0043,0.04488,-0.768048,0.114967,2.379658e-11,-0.011201,0.00584427,0.05529222,0.001248311,20,CCZ1,1
ENSG00000123427.17,ENSG00000123427.17,12,57771606,rs10877013,12,57771302,C,T,0.681909,0.0137035,0.0025,4.73e-08,-0.93258,0.107304,3.592617e-18,-0.0146941,0.00316937,3.547067e-06,0.1148846,20,EEF1AKMT3,0.001585538949
ENSG00000123643.13,ENSG00000123643.13,5,151437046,rs4958458,5,151452352,G,C,0.707753,-0.00119928,0.0026,0.6418,-0.883036,0.134568,5.309087e-11,0.00135813,0.00295165,0.6454255,0.858515,20,SLC36A1,1
ENSG00000124299.15,ENSG00000124299.15,19,33521791,rs8111294,19,33386843,T,C,0.500994,-0.00290421,0.0024,0.2388,0.680884,0.119946,1.37398e-08,-0.00426536,0.00360403,0.2366121,0.9180242,20,PEPD,1
ENSG00000124587.14,ENSG00000124587.14,6,42979181,rs6907751,6,42977112,C,T,0.514911,-0.00400198,0.0023,0.08758,-0.82744,0.112733,2.139128e-13,0.00483658,0.0028567,0.09044251,0.1922856,20,PEX6,1
ENSG00000124613.8,ENSG00000124613.8,6,27374615,rs980960,6,27393263,G,A,0.749503,0.00520351,0.0028,0.06014,0.925694,0.119454,9.232792e-15,0.0056212,0.00311052,0.07073735,1.984664e-05,20,ZNF391,1
ENSG00000125450.11,ENSG00000125450.11,17,75205659,rs1871269,17,75224904,T,C,0.761431,0.00790113,0.0029,0.005833,-0.906619,0.134382,1.513503e-11,-0.00871494,0.00344968,0.01152696,0.01086906,20,NUP85,1
ENSG00000125618.17,ENSG00000125618.17,2,113278921,rs7576384,2,113235808,C,G,0.61332,0.00550482,0.003,0.06438,0.687673,0.123239,2.405189e-08,0.008005,0.00459236,0.08131416,0.7790753,18,PAX8,1
ENSG00000125900.13,ENSG00000125900.13,20,1557705,rs2254194,20,1568756,T,A,0.789264,-0.00509699,0.0029,0.07165,-0.896919,0.135001,3.056974e-11,0.00568277,0.00334452,0.08929439,0.1154297,20,SIRPD,1
ENSG00000126005.17,ENSG00000126005.17,20,35278131,rs2425049,20,35286917,C,T,0.797217,-0.00179838,0.0029,0.5411,0.876687,0.141694,6.124221e-10,-0.00205134,0.00332448,0.5372082,0.1471405,6,MMP24OS,1
ENSG00000126217.21,ENSG00000126217.21,13,112894378,rs9549650,13,113061473,A,C,0.192843,-0.00389759,0.0029,0.1852,0.928728,0.137114,1.257912e-11,-0.00419669,0.00318343,0.1874052,0.7616288,20,MCF2L,1
ENSG00000127399.15,ENSG00000127399.15,7,150324358,rs3735174,7,150323400,T,C,0.73161,0.0062998,0.0028,0.02308,-0.906563,0.134385,1.519769e-11,-0.00694911,0.00325584,0.0328141,0.1451708,20,LRRC61,1
ENSG00000127578.7,ENSG00000127578.7,16,630985,rs4984671,16,594860,C,T,0.753479,0.00520351,0.0029,0.07461,-0.952362,0.147292,1.007638e-10,-0.0054638,0.00316014,0.08381356,0.2236757,20,WFIKKN1,1
ENSG00000128039.11,ENSG00000128039.11,4,55346242,rs11935857,4,55338698,C,A,0.827038,-0.00560427,0.0039,0.1492,-0.797973,0.138306,7.945987e-09,0.00702313,0.00503669,0.1631988,0.03691259,19,SRD5A3,1
ENSG00000128891.15,ENSG00000128891.15,15,40565057,rs12913296,15,40552023,G,A,0.525845,-0.0115036,0.0024,1.212e-06,0.921467,0.104715,1.370599e-18,-0.012484,0.00296585,2.56225e-05,0.1156384,20,CCDC32,0.0114532575
ENSG00000128944.13,ENSG00000128944.13,15,40382721,rs55982218,15,40436611,C,T,0.902584,0.0138961,0.0036,0.0001061,-1.31005,0.166834,4.081514e-15,-0.0106073,0.00306205,0.0005319837,0.4010913,16,KNSTRN,0.2377967139
ENSG00000129422.14,ENSG00000129422.14,8,17800917,rs2237841,8,17629864,A,G,0.408549,-0.00080032,0.0025,0.7571,-0.66555,0.120873,3.666625e-08,0.00120249,0.00376263,0.7492804,0.4007708,20,MTUS1,1
ENSG00000129946.10,ENSG00000129946.10,19,460996,rs10414529,19,488470,C,G,0.593439,-0.0418955,0.0598,0.4839,0.738479,0.116391,2.227149e-10,-0.0567322,0.0814695,0.4862027,0.4639431,14,SHC2,1
ENSG00000130433.7,ENSG00000130433.7,19,53992288,rs12979217,19,53989192,A,G,0.577535,-0.00870203,0.003,0.003535,0.674097,0.123583,4.908319e-08,-0.0129092,0.00504055,0.01043521,0.4490862,13,CACNG6,1
ENSG00000130592.15,ENSG00000130592.15,11,1852970,rs907612,11,1852991,C,T,0.614314,0.00060018,0.0025,0.8258,-0.700638,0.125522,2.380426e-08,-0.00085662,0.00357148,0.8104463,0.6750468,7,LSP1,1
ENSG00000131379.10,ENSG00000131379.10,3,14675141,rs7639522,3,14673353,A,G,0.650099,-0.000900405,0.0027,0.7259,0.811228,0.118207,6.752359e-12,-0.00110993,0.00333222,0.739066,0.5400672,15,C3orf20,1
ENSG00000131409.13,ENSG00000131409.13,19,50568435,rs11880112,19,50548932,T,C,0.500994,-0.00480151,0.0025,0.05832,0.680738,0.11929,1.15255e-08,-0.00705339,0.0038749,0.06871702,0.5798457,5,LRRC4B,1
ENSG00000132254.12,ENSG00000132254.12,11,6481479,rs115649540,11,5526881,A,T,0.969185,-0.0009995,0.0066,0.8782,0,NA,NA,Inf,NA,NA,NA,NA,ARFIP2,NA
ENSG00000132740.8,ENSG00000132740.8,11,68903842,rs673821,11,68911250,G,T,0.700795,0.000900405,0.0025,0.7188,-0.837053,0.130704,1.511602e-10,-0.00107569,0.00299139,0.7191509,0.0726792,20,IGHMBP2,1
ENSG00000133433.10,ENSG00000133433.10,22,23961186,rs79213832,22,23971765,A,G,0.939364,0.000700245,0.0051,0.8945,-1.30342,0.211842,7.612668e-10,-0.000537237,0.00391376,0.8908183,0.8498896,20,GSTT2B,1
ENSG00000133789.15,ENSG00000133789.15,11,9664077,rs2073684,11,8683418,C,T,0.621272,-0.00770028,0.0024,0.001259,0,NA,NA,Inf,NA,NA,NA,NA,SWAP70,NA
ENSG00000133805.15,ENSG00000133805.15,11,10308313,rs7111970,11,10450133,G,A,0.535785,-0.00129916,0.0024,0.5765,-0.82426,0.110589,9.0965e-14,0.00157615,0.00291937,0.5892709,0.2306196,20,AMPD3,1
ENSG00000133962.8,ENSG00000133962.8,14,91779070,rs61988258,14,91762883,T,C,0.576541,-0.0044003,0.0025,0.0849,-0.759546,0.120897,3.329567e-10,0.00579333,0.00341817,0.09010116,0.6580885,16,CATSPERB,1
ENSG00000134014.17,ENSG00000134014.17,8,28089673,rs1377338,8,28088856,G,T,0.340954,0.00489799,0.0026,0.05523,0.767663,0.129415,2.996309e-09,0.00638039,0.0035536,0.07257878,0.6261448,11,ELP3,1
ENSG00000134160.13,ENSG00000134160.13,15,31161273,rs4779820,15,31102607,T,A,0.585487,-0.00370313,0.0102,0.7144,-0.836704,0.11076,4.21442e-14,0.00442586,0.0122048,0.7168784,0.7167703,9,TRPM1,1
ENSG00000134201.12,ENSG00000134201.12,1,109711780,rs11101991,1,109718945,G,A,0.700795,-0.00279609,0.0025,0.2683,0.837643,0.136034,7.385565e-10,-0.00333804,0.0030334,0.2711448,0.2255794,18,GSTM5,1
ENSG00000134202.11,ENSG00000134202.11,1,109741038,rs11101992,1,109724132,A,C,0.76839,0.00470103,0.0027,0.08263,-0.951129,0.122241,7.206741e-15,-0.00494258,0.00290894,0.08929987,0.317663,18,GSTM3,1
ENSG00000135437.9,ENSG00000135437.9,12,55720367,rs3138142,12,55721801,C,T,0.810139,-0.00299551,0.0038,0.4329,0.813272,0.131126,5.567919e-10,-0.00368328,0.00471007,0.4342141,0.8659412,6,RDH5,1
ENSG00000135547.9,ENSG00000135547.9,6,125747664,rs1268093,6,125708089,A,G,0.410537,0.00509699,0.0025,0.04109,0.697332,0.123776,1.762807e-08,0.00730927,0.00381263,0.05522248,0.3061934,20,HEY2,1
ENSG00000135778.12,ENSG00000135778.12,1,232950605,rs35690547,1,232978862,C,T,0.835984,-9.9995e-05,0.0034,0.9742,-0.986371,0.16093,8.832184e-10,0.000101377,0.00344702,0.9765376,0.8330908,4,NTPCR,1
ENSG00000135972.9,ENSG00000135972.9,2,105038069,rs4511739,2,105077466,T,A,0.717694,0.00260339,0.0027,0.3346,0.80994,0.131411,7.119936e-10,0.00321429,0.00337413,0.3407776,0.008750263,11,MRPS9,1
ENSG00000136783.10,ENSG00000136783.10,9,104747683,rs10117535,9,104774740,T,C,0.346918,-0.00839514,0.0024,0.0005549,-0.803894,0.114855,2.574279e-12,0.0104431,0.00333755,0.001754174,0.03372142,20,NIPSNAP3A,0.784115778
ENSG00000136824.19,ENSG00000136824.19,9,104094260,rs10991167,9,104212101,T,C,0.436382,-0.00260339,0.0027,0.3381,0.719487,0.119077,1.520272e-09,-0.00361839,0.00380015,0.3410111,0.008888348,17,SMC2,1
ENSG00000136856.18,ENSG00000136856.18,9,127397138,rs11794990,9,127408741,A,G,0.751491,-0.0010994,0.0029,0.7125,0.82102,0.146256,1.981599e-08,-0.00133906,0.00354024,0.7052521,0.1482061,19,SLC2A8,1
ENSG00000136982.6,ENSG00000136982.6,8,119855894,rs28619135,8,119858365,G,A,0.874751,-0.00179838,0.0033,0.5905,1.1047,0.153498,6.164227e-13,-0.00162794,0.0029958,0.5868486,0.4754466,18,DSCC1,1
ENSG00000137274.13,ENSG00000137274.13,6,3118374,rs1534998,6,3137960,T,C,0.310139,-0.00439966,0.0033,0.1749,-0.866084,0.122723,1.698909e-12,0.00507995,0.00387765,0.190176,0.1843234,18,BPHL,1
ENSG00000137411.18,ENSG00000137411.18,6,30914205,rs2535329,6,30874897,C,T,0.659046,-0.00159872,0.0026,0.5454,-0.755422,0.116978,1.06236e-10,0.00211633,0.00345735,0.5404556,0.000512614,20,VARS2,1
ENSG00000137713.16,ENSG00000137713.16,11,111766389,rs623491,11,111830546,A,G,0.614314,0.00670241,0.0025,0.006216,-0.700262,0.120448,6.107039e-09,-0.00957129,0.0039314,0.01490918,0.3141538,6,PPP2R1B,1
ENSG00000137804.14,ENSG00000137804.14,15,41320794,rs28463309,15,41374518,A,G,0.739563,-0.00639948,0.0027,0.01724,-0.760959,0.136917,2.731954e-08,0.00840975,0.00385733,0.0292426,0.2068225,20,NUSAP1,1
ENSG00000137860.12,ENSG00000137860.12,15,45262015,rs1706798,15,45319216,T,C,0.37674,-0.00290421,0.0025,0.2456,-0.851537,0.117095,3.536778e-13,0.00341055,0.00297309,0.2513233,0.8073606,20,SLC28A2,1
ENSG00000137877.10,ENSG00000137877.10,15,41890205,rs28396848,15,41924350,C,A,0.755467,0.00389759,0.003,0.189,0.766361,0.139964,4.365245e-08,0.00508584,0.00402329,0.2061951,0.488601,20,SPTBN5,1
ENSG00000137975.8,ENSG00000137975.8,1,86424171,rs1830675,1,86345010,T,C,0.675944,0.000100005,0.0025,0.9552,0.807302,0.122256,4.018333e-11,0.000123876,0.00309679,0.9680921,0.02722504,20,CLCA2,1
ENSG00000138316.11,ENSG00000138316.11,10,70672506,rs620483,10,70654149,G,C,0.475149,0.0165031,0.0165,0.3187,-0.773184,0.114651,1.54297e-11,-0.0213443,0.0215738,0.322485,0.1931295,20,ADAMTS14,1
ENSG00000138376.11,ENSG00000138376.11,2,214809683,rs72946209,2,214820582,C,T,0.607356,-0.0018982,0.0024,0.4432,-0.680737,0.122294,2.600561e-08,0.00278844,0.003561,0.4335974,0.08036911,20,BARD1,1
ENSG00000138381.10,ENSG00000138381.10,2,189661385,rs1233291,2,189826225,G,C,0.727634,0.00260339,0.0027,0.3322,0.855965,0.141426,1.427038e-09,0.00304146,0.00319411,0.340991,0.1194393,20,ASNSD1,1
ENSG00000138398.16,ENSG00000138398.16,2,169584344,rs143029145,2,168616745,A,G,0.985089,0.00800193,0.0088,0.3629,0,NA,NA,-Inf,NA,NA,NA,NA,PPIG,NA
ENSG00000138606.19,ENSG00000138606.19,15,45201175,rs28375309,15,45153198,G,A,0.871769,0.00709511,0.0037,0.05917,-1.24086,0.152752,4.533014e-16,-0.00571788,0.00306374,0.06199887,0.7488518,20,SHF,1
ENSG00000138829.12,ENSG00000138829.12,5,128659185,rs55770077,5,128539156,T,C,0.906561,-0.00860289,0.004,0.03321,-1.12849,0.187307,1.693195e-09,0.00762337,0.00376364,0.04281289,0.5733531,20,FBN2,1
ENSG00000139192.12,ENSG00000139192.12,12,6451719,rs2532497,12,6455044,G,A,0.705765,0.000300045,0.0026,0.8973,-0.83541,0.127997,6.718978e-11,-0.000359159,0.00311273,0.9081408,0.6777177,20,TAPBPL,1
ENSG00000139364.10,ENSG00000139364.10,12,125186836,rs56325379,12,124505109,T,C,0.77336,-9.9995e-05,0.003,0.962,0.886509,0.142631,5.119412e-10,-0.000112796,0.00338411,0.9734105,0.4452509,6,TMEM132B,1
ENSG00000139537.11,ENSG00000139537.11,12,48904110,rs10875885,12,48893667,T,A,0.585487,-0.000899595,0.0025,0.7266,0.666258,0.12154,4.210198e-08,-0.00135022,0.00376038,0.7195462,0.7627656,17,CCDC65,1
ENSG00000140323.6,ENSG00000140323.6,15,40358219,rs11634187,15,40430582,T,G,0.849901,-0.00590255,0.0032,0.06561,-0.885734,0.157067,1.708418e-08,0.00666401,0.00380118,0.07957735,0.4281987,6,DISP2,1
ENSG00000140545.15,ENSG00000140545.15,15,88913381,rs8036620,15,88933643,T,G,0.324056,0.0028958,0.0025,0.2576,-0.859487,0.119826,7.347936e-13,-0.00336922,0.0029464,0.2528282,0.8164569,18,MFGE8,1
ENSG00000140623.13,ENSG00000140623.13,16,4788396,rs7546,16,4797316,C,T,0.529821,-0.00259663,0.0025,0.3005,-0.89975,0.105362,1.34687e-17,0.00288594,0.00279903,0.3025164,0.04707579,20,SEPTIN12,1
ENSG00000140873.16,ENSG00000140873.16,16,77435034,rs2562117,16,77363376,G,A,0.406561,-0.00170145,0.0024,0.4755,0.990906,0.103738,1.272156e-21,-0.00171706,0.00242869,0.4795717,0.0926782,20,ADAMTS18,1
ENSG00000141560.15,ENSG00000141560.15,17,82716706,rs2246577,17,82722518,C,T,0.590457,-0.00620074,0.003,0.03902,0.795814,0.115681,6.010529e-12,-0.00779169,0.0039362,0.04776002,0.7448508,20,FN3KRP,1
ENSG00000141698.17,ENSG00000141698.17,17,41836260,rs4378664,17,41839974,A,T,0.261431,0.00469894,0.0027,0.08474,0.808371,0.127222,2.097865e-10,0.00581286,0.00346307,0.09324446,0.2154797,14,NT5C3B,1
ENSG00000141959.17,ENSG00000141959.17,21,44300051,rs10460741,21,44327521,C,T,0.388668,-0.00260339,0.0026,0.3155,-0.718118,0.12162,3.535028e-09,0.00362529,0.00367226,0.3235406,0.4531307,20,PFKL,1
ENSG00000142675.18,ENSG00000142675.18,1,26177484,rs8768,1,26170849,C,A,0.76839,0.00460057,0.0028,0.0945,0.86601,0.127014,9.2188e-12,0.00531237,0.00332577,0.1101913,0.6132513,20,CNKSR1,1
ENSG00000142794.18,ENSG00000142794.18,1,21440128,rs10799691,1,21446869,C,G,0.253479,0.0009995,0.0028,0.712,1.07845,0.119308,1.57824e-19,0.000926797,0.00259835,0.7213266,0.78539,20,NBPF3,1
ENSG00000142856.16,ENSG00000142856.16,1,63529186,rs17391823,1,63521194,T,C,0.683897,0.00480151,0.0026,0.0646,-0.869761,0.125935,4.971079e-12,-0.00552049,0.00309435,0.07441468,0.5750371,8,ITGB3BP,1
ENSG00000143631.10,ENSG00000143631.10,1,152325203,rs1496042,1,152187297,C,T,0.575547,0.00389759,0.003,0.2001,-0.674122,0.122075,3.34781e-08,-0.00578172,0.00457174,0.2059909,0.574626,11,FLG,1
ENSG00000144034.15,ENSG00000144034.15,2,73737400,rs6748233,2,73713875,A,G,0.685885,-0.0044003,0.0025,0.07156,-0.776905,0.123088,2.758091e-10,0.00566389,0.00334067,0.08999314,0.957316,20,TPRKB,1
ENSG00000144115.16,ENSG00000144115.16,2,88170295,rs10198979,2,88169585,T,A,0.762425,0.00540458,0.0026,0.04085,0.966694,0.118192,2.862087e-16,0.00559078,0.00277508,0.04394263,0.4063102,20,THNSL2,1
ENSG00000144182.17,ENSG00000144182.17,2,99154965,rs6741773,2,99122499,A,C,0.352883,0.00299551,0.0026,0.2359,-0.817694,0.124553,5.20328e-11,-0.00366336,0.00322827,0.2564688,0.01673113,20,LIPT1,1
ENSG00000145476.16,ENSG00000145476.16,4,186191567,rs7663027,4,186191475,G,C,0.629225,0.00120072,0.0026,0.6414,0.767752,0.122339,3.482893e-10,0.00156394,0.00339567,0.645107,0.4783259,15,CYP4V2,1
ENSG00000145777.15,ENSG00000145777.15,5,111070062,rs3806932,5,111069977,A,G,0.537773,-0.00449986,0.0024,0.06739,0.697713,0.119043,4.600875e-09,-0.00644944,0.00361153,0.0741331,0.3786824,9,TSLP,1
ENSG00000146166.17,ENSG00000146166.17,6,63319983,rs4710255,6,63446363,C,A,0.558648,0.00869772,0.0024,0.0002261,-0.919556,0.108759,2.79087e-17,-0.00945861,0.00283961,0.0008654769,0.002845172,20,LGSN,0.3868681743
ENSG00000146242.8,ENSG00000146242.8,6,82363206,rs9353086,6,82559254,A,G,0.60835,-0.00240288,0.0026,0.3633,0.709705,0.124361,1.1512e-08,-0.00338575,0.00371122,0.3616104,0.0377107,20,TPBG,1
ENSG00000146574.15,ENSG00000146574.15,7,6826770,rs4476910,7,6845133,A,C,0.508946,0.00860289,0.0043,0.04488,0.743676,0.116436,1.691719e-10,0.0115681,0.00605912,0.05623657,0.005078336,20,CCZ1B,1
ENSG00000146707.14,ENSG00000146707.14,7,76625683,rs66906873,7,76514489,G,A,0.676938,-0.00159872,0.003,0.5876,-0.806721,0.12292,5.273578e-11,0.00198175,0.003731,0.5953086,0.08852425,20,POMZP3,1
ENSG00000146918.20,ENSG00000146918.20,7,158704804,rs76333249,7,158799466,C,T,0.89662,-0.00770028,0.0039,0.04701,1.01531,0.184877,3.978587e-08,-0.00758418,0.00408191,0.06316925,0.4383443,20,NCAPG2,1
ENSG00000147813.16,ENSG00000147813.16,8,143578343,rs10094377,8,143601980,C,T,0.800199,0.00849599,0.0029,0.003654,1.04203,0.130919,1.728756e-15,0.00815327,0.00296555,0.005971774,0.2208083,20,NAPRT,1
ENSG00000148290.10,ENSG00000148290.10,9,133356676,rs487820,9,133345514,A,G,0.471173,-0.00040008,0.0024,0.865,-0.763869,0.114868,2.930929e-11,0.000523755,0.00314289,0.8676473,0.3134404,20,SURF1,1
ENSG00000148690.12,ENSG00000148690.12,10,93702592,rs7909452,10,93707752,C,T,0.593439,0.00150113,0.0024,0.5247,-0.685756,0.121218,1.538621e-08,-0.00218901,0.00352111,0.5341516,0.2775638,20,FRA10AC1,1
ENSG00000148824.19,ENSG00000148824.19,10,133394094,rs28771204,10,133416898,T,C,0.751491,0.0082955,0.0033,0.01119,-0.958624,0.146956,6.882308e-11,-0.00865354,0.00368919,0.01899416,0.2533037,20,MTG1,1
ENSG00000149089.13,ENSG00000149089.13,11,34895110,rs17349298,11,34927651,G,T,0.671968,-0.0010994,0.0025,0.6555,-0.895709,0.120908,1.28025e-13,0.0012274,0.002796,0.6606721,0.6075004,20,APIP,1
ENSG00000149231.14,ENSG00000149231.14,11,96389956,rs11021568,11,96388691,C,T,0.836978,-0.00659818,0.0033,0.04638,-1.00754,0.157153,1.443792e-10,0.0065488,0.00343089,0.05629078,0.304602,18,CCDC82,1
ENSG00000149292.16,ENSG00000149292.16,11,113314529,rs2282511,11,113373455,A,C,0.313121,0.0166998,0.0026,8.054e-11,0.788931,0.118704,3.007568e-11,0.0211676,0.00458308,3.862713e-06,6.596287e-05,20,TTC12,0.001726632711
ENSG00000151276.23,ENSG00000151276.23,3,66038550,rs73124441,3,65169852,G,C,0.983101,0.0114048,0.0077,0.1383,0,NA,NA,-Inf,NA,NA,NA,NA,MAGI1,NA
ENSG00000151470.13,ENSG00000151470.13,4,129093601,rs337275,4,129133314,T,C,0.193837,-0.00729656,0.0031,0.01867,0.992805,0.168931,4.177685e-09,-0.00734944,0.00336358,0.02888844,0.2199549,20,C4orf33,1
ENSG00000151632.17,ENSG00000151632.17,10,5018031,rs67362530,10,5001312,G,A,0.868787,-0.0018982,0.0038,0.6196,-1.03907,0.152763,1.033196e-11,0.00182683,0.00366698,0.6183544,0.3144456,20,AKR1C2,1
ENSG00000151773.13,ENSG00000151773.13,13,43879740,rs9788406,13,43840630,T,C,0.496024,-0.00529595,0.0031,0.08662,0.679618,0.122146,2.636599e-08,-0.00779254,0.00477155,0.1024428,0.5684525,11,CCDC122,1
ENSG00000153406.13,ENSG00000153406.13,16,4495763,rs11643057,16,4494504,T,C,0.709742,0.00769957,0.0027,0.003686,-0.849919,0.135385,3.43397e-10,-0.00905918,0.00348917,0.00942138,0.6591548,20,NMRAL1,1
ENSG00000153714.6,ENSG00000153714.6,9,12775020,rs13284898,9,12724561,C,T,0.407555,-0.00359646,0.0024,0.1409,-0.772177,0.122614,3.022884e-10,0.00465756,0.00319488,0.1448898,0.2803344,20,LURAP1L,1
ENSG00000154262.13,ENSG00000154262.13,17,69141895,rs4968838,17,69123884,G,A,0.709742,0.000700245,0.0026,0.7899,0.855308,0.121317,1.78661e-12,0.000818705,0.00304206,0.7878306,0.8940999,15,ABCA6,1
ENSG00000154889.17,ENSG00000154889.17,18,11908366,rs8097892,18,11905954,T,C,0.445328,0.00179838,0.0025,0.4547,-0.735456,0.118748,5.888014e-10,-0.00244526,0.0034221,0.4748877,0.03424168,4,MPPE1,1
ENSG00000155189.12,ENSG00000155189.12,8,6708642,rs10110103,8,6722905,C,T,0.393638,0.00019998,0.0025,0.944,0.668521,0.122364,4.671005e-08,0.000299138,0.00374,0.9362504,0.2000109,20,AGPAT5,1
ENSG00000155393.13,ENSG00000155393.13,16,50065970,rs4785382,16,50108309,T,G,0.797217,-0.00499749,0.003,0.09215,0.973844,0.132684,2.142337e-13,-0.00513172,0.00315892,0.1042661,0.05405954,20,HEATR3,1
ENSG00000155542.12,ENSG00000155542.12,5,56909260,rs185220,5,56909530,A,G,0.162028,-0.00520351,0.0032,0.1082,-1.09355,0.149197,2.308413e-13,0.00475836,0.00299739,0.1123994,0.01688021,20,SETD9,1
ENSG00000155792.10,ENSG00000155792.10,8,119928400,rs67282053,8,120015981,C,T,0.688867,0.00180162,0.0025,0.489,-0.688463,0.124357,3.091054e-08,-0.00261687,0.00366191,0.474844,0.8884485,20,DEPTOR,1
ENSG00000155893.13,ENSG00000155893.13,3,141228726,rs6786821,3,141280434,C,G,0.371769,0.00269636,0.0025,0.2905,-0.810094,0.118761,9.028286e-12,-0.00332846,0.0031244,0.2867357,0.1849663,20,PXYLP1,1
ENSG00000156113.23,ENSG00000156113.23,10,77638369,rs816850,10,77492688,G,C,0.72664,0.00080032,0.0027,0.7676,0.841449,0.142228,3.294649e-09,0.000951122,0.00321278,0.7671968,0.4727165,20,KCNMA1,1
ENSG00000156222.12,ENSG00000156222.12,15,84884654,rs4843002,15,84907687,C,A,0.553678,-0.00380276,0.0024,0.1111,-0.676107,0.120192,1.852931e-08,0.0056245,0.00368787,0.1272254,0.7312203,8,SLC28A1,1
ENSG00000156253.7,ENSG00000156253.7,21,29019360,rs1571680,21,29097766,C,T,0.2833,-0.00339576,0.0028,0.2316,0.884757,0.151184,4.85113e-09,-0.00383807,0.00323195,0.235015,0.2246328,20,RWDD2B,1
ENSG00000156795.8,ENSG00000156795.8,8,123416726,rs7827492,8,123462746,C,A,0.55169,-0.00059982,0.0025,0.8251,-0.670264,0.122017,3.947147e-08,0.000894901,0.00373343,0.8105632,0.9204314,19,WDYHV1,1
ENSG00000157093.9,ENSG00000157093.9,3,42410610,rs542533644,3,41484562,A,C,0.993042,0.0110982,0.0194,0.5695,0,NA,NA,-Inf,NA,NA,NA,NA,LYZL4,NA
ENSG00000157322.17,ENSG00000157322.17,16,69950705,rs2549082,16,70119259,A,G,0.456262,-0.00400198,0.0029,0.1732,0.835818,0.109956,2.929432e-14,-0.0047881,0.00352637,0.1745273,0.09421217,20,CLEC18A,1
ENSG00000157578.13,ENSG00000157578.13,21,39445803,rs2299739,21,39385961,G,A,0.297217,0.00410158,0.0027,0.1273,0.835084,0.121814,7.111335e-12,0.00491158,0.00331164,0.138041,0.07500048,20,LCA5L,1
ENSG00000159445.13,ENSG00000159445.13,1,151909637,rs10788817,1,151910380,G,C,0.605368,-0.00390238,0.0046,0.3944,0.731563,0.116632,3.555247e-10,-0.0053343,0.00634516,0.4005226,0.4442185,20,THEM4,1
ENSG00000159650.9,ENSG00000159650.9,3,126517773,rs6794670,3,126490065,G,C,0.22167,-0.00040008,0.0031,0.9082,0.788607,0.142358,3.031627e-08,-0.000507325,0.00393205,0.8973394,0.4073139,5,UROC1,1
ENSG00000160223.17,ENSG00000160223.17,21,44240966,rs2838527,21,44213343,T,C,0.489066,0.00110061,0.0024,0.6435,-0.790489,0.114375,4.798953e-12,-0.00139231,0.00304277,0.6472546,0.4468392,6,ICOSLG,1
ENSG00000160284.15,ENSG00000160284.15,21,46184476,rs55689527,21,46202813,A,G,0.61332,0.005103,0.0024,0.03641,0.803821,0.114861,2.592713e-12,0.00634843,0.00312051,0.04190912,0.193921,20,SPATC1L,1
ENSG00000160505.16,ENSG00000160505.16,19,55836801,rs382657,19,55857446,G,T,0.604374,0.00409839,0.0024,0.08855,-0.942409,0.108828,4.734236e-18,-0.00434884,0.00259571,0.09385654,0.5657246,6,NLRP4,1
ENSG00000161692.18,ENSG00000161692.18,17,44708608,rs75502650,17,44688694,G,A,0.857853,-0.00400198,0.0033,0.2345,0.994,0.142853,3.446484e-12,-0.00402614,0.00336996,0.2321995,0.1244794,20,DBF4B,1
ENSG00000162383.12,ENSG00000162383.12,1,53142632,rs12750628,1,53144121,G,A,0.633201,-0.0018982,0.0025,0.4521,-0.72945,0.120602,1.462911e-09,0.00260223,0.00345414,0.45123,0.7245238,16,SLC1A7,1
ENSG00000162545.6,ENSG00000162545.6,1,20486210,rs112660177,1,20469726,T,G,0.903579,0.00719583,0.004,0.0717,1.2828,0.182818,2.270063e-12,0.00560948,0.00321903,0.08140387,0.2097702,20,CAMK2N1,1
ENSG00000162620.16,ENSG00000162620.16,1,74198187,rs17522644,1,74008899,G,A,0.648111,-0.00539542,0.003,0.06564,-0.923122,0.11035,5.991156e-17,0.00584475,0.0033241,0.07869696,0.1567827,20,LRRIQ3,1
ENSG00000162782.16,ENSG00000162782.16,1,179591613,rs76644806,1,179592019,C,T,0.694831,-0.00169856,0.0026,0.5219,-0.778666,0.13306,4.856977e-09,0.00218137,0.00335979,0.5161717,0.0986727,20,TDRD5,1
ENSG00000162836.12,ENSG00000162836.12,1,147670524,rs1344,1,147647471,G,A,0.423459,0.00539542,0.0028,0.05305,-0.718495,0.119705,1.946619e-09,-0.00750934,0.00409294,0.06654928,0.4634123,9,ACP6,1
ENSG00000162885.13,ENSG00000162885.13,1,235504452,rs2131920,1,235416597,T,A,0.395626,0.00689617,0.0031,0.0245,0.760221,0.12249,5.421212e-10,0.00907126,0.00433179,0.03624978,0.06796356,20,B3GALNT2,1
ENSG00000162994.16,ENSG00000162994.16,2,55232354,rs17046778,2,55232237,T,G,0.840954,-0.00689617,0.0033,0.03746,-1.29486,0.163719,2.594655e-15,0.00532581,0.00263601,0.04334083,0.0681114,20,CLHC1,1
ENSG00000163040.14,ENSG00000163040.14,2,131527833,rs7597872,2,131486459,A,G,0.612326,0.00270365,0.0032,0.3872,0.718341,0.122776,4.892136e-09,0.00376375,0.00450092,0.4030327,0.1113388,20,CCDC74A,1
ENSG00000163281.12,ENSG00000163281.12,4,44726588,rs16857402,4,44704436,T,C,0.755467,0.011597,0.0028,3.853e-05,-0.801765,0.14174,1.544012e-08,-0.0144643,0.00432836,0.0008325121,0.7321374,14,GNPDA2,0.3721329087
ENSG00000163412.13,ENSG00000163412.13,3,71753624,rs12487980,3,71710890,A,C,0.639165,0.00830439,0.0028,0.00356,0.844951,0.118089,8.355101e-13,0.00982824,0.0035872,0.006147478,0.0006555483,11,EIF4E3,1
ENSG00000163576.18,ENSG00000163576.18,3,19947025,rs11128927,3,19946945,G,C,0.650099,0.00170145,0.0025,0.5105,-0.897999,0.109232,2.018132e-16,-0.00189471,0.00279349,0.4976079,0.04057609,20,EFHB,1
ENSG00000163586.10,ENSG00000163586.10,2,88128062,rs6749235,2,88150444,G,A,0.816103,0.00330453,0.0036,0.3622,-0.929613,0.161543,8.684725e-09,-0.00355474,0.00392154,0.364689,0.2902953,9,FABP1,1
ENSG00000163682.16,ENSG00000163682.16,4,39458949,rs28521730,4,39444438,C,A,0.708748,0.00389759,0.0026,0.1424,-0.807114,0.125644,1.32914e-10,-0.00482904,0.0033079,0.1443318,0.06495784,17,RPL9,1
ENSG00000164008.16,ENSG00000164008.16,1,42767249,rs6678526,1,42818381,C,G,0.677932,0.00540458,0.0033,0.09571,-0.786468,0.118032,2.679291e-11,-0.00687197,0.00432086,0.1117414,0.0167664,20,C1orf50,1
ENSG00000164111.15,ENSG00000164111.15,4,121696992,rs13145977,4,121695011,C,T,0.313121,-0.00170145,0.0026,0.5114,-0.738596,0.132555,2.518315e-08,0.00230362,0.00354439,0.5157339,0.4287316,12,ANXA5,1
ENSG00000164122.9,ENSG00000164122.9,4,176277571,rs9790840,4,176242913,C,T,0.469185,-0.00240288,0.0024,0.3178,0.927803,0.105545,1.487626e-18,-0.00258987,0.00260348,0.3198478,0.5154401,20,ASB5,1
ENSG00000164307.13,ENSG00000164307.13,5,96808100,rs27041,5,96780017,T,C,0.847913,-0.0009995,0.0033,0.7615,-0.924515,0.157129,4.009525e-09,0.00108111,0.00357416,0.7622874,0.1015398,20,ERAP1,1
ENSG00000164308.16,ENSG00000164308.16,5,96875939,rs1046396,5,96937483,G,A,0.584493,0.0031951,0.0024,0.1908,-0.99711,0.103302,4.801844e-22,-0.00320436,0.00242974,0.1872338,0.5528482,20,ERAP2,1
ENSG00000164346.10,ENSG00000164346.10,5,74767148,rs957680,5,74759384,T,C,0.860835,0.00780034,0.0036,0.03042,-0.965585,0.176569,4.536046e-08,-0.00807836,0.0040103,0.04396714,0.469854,12,NSA2,1
ENSG00000164440.15,ENSG00000164440.15,6,139291998,rs7454876,6,139286538,A,G,0.729622,0.001998,0.0045,0.6588,-0.785528,0.131773,2.503918e-09,-0.00254352,0.0057445,0.6579291,0.3289553,12,TXLNB,1
ENSG00000164530.15,ENSG00000164530.15,6,36948263,rs4711475,6,36948243,T,C,0.547714,-0.00590255,0.0028,0.0316,-0.671834,0.120552,2.503905e-08,0.00878572,0.00445589,0.04864292,0.7780438,20,PI16,1
ENSG00000164742.16,ENSG00000164742.16,7,45574140,rs12702150,7,45591303,C,T,0.532803,0.00670241,0.0025,0.006934,-0.773102,0.11533,2.036247e-11,-0.00866951,0.00348276,0.0128008,0.3642597,20,ADCY1,1
ENSG00000165076.13,ENSG00000165076.13,7,141841487,rs1074968,7,141820159,C,G,0.534791,0.016902,0.0166,0.3072,0.694316,0.121269,1.0319e-08,0.0243434,0.0242835,0.3161185,0.1685792,17,PRSS37,1
ENSG00000165171.11,ENSG00000165171.11,7,73842516,rs1073909,7,73843959,C,G,0.727634,-0.00249688,0.0027,0.3473,-0.893399,0.130431,7.405685e-12,0.00279481,0.00304958,0.359428,0.01323139,20,METTL27,1
ENSG00000165355.7,ENSG00000165355.7,14,39432500,rs76987347,14,38551277,T,C,0.968191,-0.0153023,0.0063,0.01492,0,NA,NA,Inf,NA,NA,NA,NA,FBXO33,NA
ENSG00000165502.7,ENSG00000165502.7,14,49620626,rs57119148,14,49630508,T,C,0.252485,-0.00280393,0.0027,0.2996,-0.791259,0.136452,6.679106e-09,0.00354363,0.00346657,0.3066728,0.3170504,10,RPL36AL,1
ENSG00000165806.20,ENSG00000165806.20,10,113679162,rs7918733,10,113679635,C,T,0.60338,0.000700245,0.0024,0.7718,-0.705198,0.12391,1.261498e-08,-0.000992976,0.00340777,0.770756,0.01049809,15,CASP7,1
ENSG00000165929.13,ENSG00000165929.13,14,91867536,rs61988259,14,91762893,C,T,0.576541,-0.0044003,0.0025,0.08016,-0.866958,0.114489,3.663909e-14,0.00507557,0.00296052,0.08645203,0.6565651,20,TC2N,1
ENSG00000166435.15,ENSG00000166435.15,11,74949200,rs919877,11,74847534,A,G,0.714712,-0.00519647,0.0026,0.04682,-1.07902,0.110891,2.237109e-22,0.00481593,0.0024599,0.05025681,0.09266051,20,XRRA1,1
ENSG00000166436.16,ENSG00000166436.16,11,8682694,rs10840106,11,8680289,C,T,0.620278,-0.00770028,0.0024,0.001183,-0.714842,0.120478,2.967253e-09,0.010772,0.00381681,0.004768751,0.3447573,20,TRIM66,1
ENSG00000166582.10,ENSG00000166582.10,17,16353469,rs3112526,17,16343786,T,C,0.535785,-0.00219758,0.0031,0.4764,-0.851848,0.110581,1.324926e-14,0.00257978,0.00365452,0.4802409,0.002138243,20,CENPV,1
ENSG00000166682.13,ENSG00000166682.13,11,113706373,rs7114297,11,113720680,G,A,0.697813,0.0130042,0.0028,3.348e-06,-0.996174,0.105415,3.388299e-21,-0.0130541,0.00313187,3.07059e-05,0.004149141,20,TMPRSS5,0.0137255373
ENSG00000166750.10,ENSG00000166750.10,17,35243071,rs67486235,17,35190633,G,T,0.701789,-0.00219758,0.0027,0.4142,-0.809795,0.126239,1.410079e-10,0.00271375,0.00336091,0.4194094,0.07613084,20,SLFN5,1
ENSG00000166788.10,ENSG00000166788.10,11,18106087,rs12792460,11,18054892,C,G,0.724652,-0.0077995,0.0027,0.003399,0.768166,0.132712,7.114482e-09,-0.0101534,0.00392827,0.00974639,0.4610296,18,SAAL1,1
ENSG00000166796.12,ENSG00000166796.12,11,18412318,rs78306991,11,18449824,G,A,0.885686,-0.00169856,0.0037,0.6441,-1.24319,0.137924,1.994003e-19,0.00136629,0.00298007,0.6466111,0.7729154,20,LDHC,1
ENSG00000166896.9,ENSG00000166896.9,12,57906039,rs7358584,12,57948413,G,A,0.686879,0.0144032,0.0025,1.129e-08,0.852897,0.114986,1.194422e-13,0.0168874,0.00371152,5.364454e-06,0.9200496,20,ATP23,0.002397910938
ENSG00000166923.12,ENSG00000166923.12,15,32730690,rs8037112,15,32670558,G,A,0.591451,-0.0009995,0.0025,0.6977,0.726713,0.120789,1.78339e-09,-0.00137537,0.00344773,0.6899519,0.9708662,9,GREM1,1
ENSG00000167670.16,ENSG00000167670.16,19,4402640,rs760369,19,4449290,T,C,0.724652,0.00250313,0.0032,0.4405,0.862744,0.122944,2.260348e-12,0.00290136,0.00373207,0.436915,0.1164856,20,CHAF1A,1
ENSG00000167671.12,ENSG00000167671.12,19,4457794,rs149060351,19,4460008,C,T,0.790258,-0.00149888,0.0038,0.6849,0.8284,0.150602,3.785009e-08,-0.00180936,0.00459893,0.6940013,0.06164467,15,UBXN6,1
ENSG00000167862.10,ENSG00000167862.10,17,75012670,rs11077722,17,74049111,T,G,0.88171,0.00130085,0.004,0.7419,0,NA,NA,-Inf,NA,NA,NA,NA,MRPL58,NA
ENSG00000168028.14,ENSG00000168028.14,3,39406720,rs13060252,3,39415647,C,A,0.691849,-0.00679685,0.0025,0.006447,0.729272,0.119989,1.218428e-09,-0.00932005,0.00375542,0.01307363,0.02183499,20,RPSA,1
ENSG00000168038.11,ENSG00000168038.11,3,41962130,rs12634670,3,41833807,G,C,0.833996,-0.00720399,0.0033,0.0301,-1.11384,0.155364,7.543736e-13,0.00646772,0.00309704,0.03676575,0.7768151,9,ULK4,1
ENSG00000168385.18,ENSG00000168385.18,2,241315100,rs28446330,2,241453344,T,C,0.904573,-0.00550482,0.004,0.1706,-1.11913,0.192522,6.136312e-09,0.00491885,0.00367301,0.1805098,0.107023,13,SEPTIN2,1
ENSG00000168484.12,ENSG00000168484.12,8,22156913,rs8192308,8,22158518,A,C,0.766402,-0.000899595,0.0047,0.8487,-0.96347,0.130668,1.663302e-13,0.000933703,0.00487984,0.8482602,NA,NA,SFTPC,1
ENSG00000168778.12,ENSG00000168778.12,12,123671113,rs11829958,12,123688458,T,G,0.625249,0.00680309,0.0024,0.004632,-0.688315,0.123509,2.503897e-08,-0.00988368,0.00391189,0.01151808,0.1178289,20,TCTN2,1
ENSG00000169203.16,ENSG00000169203.16,16,29505999,rs140935476,16,30331915,A,G,0.430417,0.00359646,0.0026,0.176,0.743876,0.11691,1.981088e-10,0.00483476,0.00357685,0.1764773,0.007391976,20,NPIPB12,1
ENSG00000169393.9,ENSG00000169393.9,19,47994632,rs10405087,19,47998387,C,A,0.649105,-0.00229736,0.0026,0.3736,-1.01709,0.107503,3.050125e-21,0.00225877,0.00256745,0.3789833,0.5903374,17,ELSPBP1,1
ENSG00000169402.15,ENSG00000169402.15,7,6754109,rs4476910,7,6845133,A,C,0.508946,0.00860289,0.0043,0.04488,0.665416,0.120739,3.563952e-08,0.0129286,0.00687475,0.06002762,0.01286397,20,RSPH10B2,1
ENSG00000169629.12,ENSG00000169629.12,2,112434488,rs139225929,2,112356427,C,T,0.831014,-0.00919757,0.0033,0.00542,0.892673,0.154618,7.768776e-09,-0.0103034,0.00410499,0.01207418,0.0300293,20,RGPD8,1
ENSG00000169684.13,ENSG00000169684.13,15,78565520,rs77434238,15,78544384,T,C,0.373757,0.00229736,0.0026,0.3639,0.771339,0.11539,2.315563e-11,0.0029784,0.00340008,0.381041,0.1841326,20,CHRNA5,1
ENSG00000169689.15,ENSG00000169689.15,17,82022918,rs3934983,17,82022880,C,A,0.44334,-0.000500125,0.0026,0.8353,-0.709567,0.11994,3.298648e-09,0.000704832,0.00366614,0.8475431,0.002288199,11,CENPX,1
ENSG00000169918.9,ENSG00000169918.9,15,31870789,rs4779931,15,31864369,A,G,0.522863,0.00579677,0.0025,0.0199,-0.776742,0.114422,1.133839e-11,-0.00746292,0.00340115,0.02821833,0.08915683,13,OTUD7A,1
ENSG00000170074.19,ENSG00000170074.19,5,177783398,rs11249686,5,177754013,G,A,0.569583,0.00619918,0.0033,0.05631,0.807903,0.112559,7.094581e-13,0.00767317,0.00422223,0.06916711,0.2282319,20,FAM153A,1
ENSG00000170162.14,ENSG00000170162.14,6,117265558,rs13199476,6,117272094,T,A,0.900596,0.00569619,0.004,0.1511,-1.22122,0.181842,1.870369e-11,-0.00466436,0.00334825,0.1635974,0.7528657,10,VGLL2,1
ENSG00000170425.3,ENSG00000170425.3,17,15944917,rs2779210,17,15971833,G,A,0.430417,-0.00650109,0.0026,0.01378,0.715118,0.119135,1.941826e-09,-0.00909093,0.00393859,0.02098975,0.1912208,20,ADORA2B,1
ENSG00000170509.12,ENSG00000170509.12,4,87322886,rs13435265,4,87225628,T,C,0.759443,0.00389759,0.0028,0.1659,-0.880485,0.137284,1.42123e-10,-0.00442664,0.0032541,0.1737274,0.1863768,20,HSD17B13,1
ENSG00000170949.17,ENSG00000170949.17,19,53103436,rs2099850,19,53118308,G,A,0.469185,-0.0041988,0.0025,0.08861,-0.797387,0.112842,1.59005e-12,0.00526571,0.00322258,0.1022584,0.7943377,20,ZNF160,1
ENSG00000170954.11,ENSG00000170954.11,19,53133077,rs2099850,19,53118308,G,A,0.469185,-0.0041988,0.0025,0.08861,-0.816342,0.11158,2.550912e-13,0.00514344,0.0031421,0.1016425,0.7265152,20,ZNF415,1
ENSG00000171714.11,ENSG00000171714.11,11,21799934,rs10741931,11,22216689,C,T,0.790258,-0.00649884,0.003,0.02888,-0.884874,0.134516,4.761758e-11,0.00734436,0.00356941,0.03963032,0.5254348,17,ANO5,1
ENSG00000171763.19,ENSG00000171763.19,15,45402336,rs60476496,15,45421603,C,T,0.725646,0.00060018,0.0027,0.8298,-0.833234,0.136292,9.740819e-10,-0.000720302,0.00324253,0.8242032,0.630112,20,SPATA5L1,1
ENSG00000171943.12,ENSG00000171943.12,1,121184811,rs28366816,1,121580150,A,C,0.61829,-0.00459941,0.0031,0.1453,-0.718715,0.124807,8.481436e-09,0.00639949,0.00445411,0.1507866,0.4019483,12,SRGAP2C,1
ENSG00000172058.15,ENSG00000172058.15,5,70900665,rs7710143,5,71379903,G,A,0.642147,-0.00350385,0.0034,0.311,-0.762285,0.119316,1.671932e-10,0.00459652,0.00451793,0.3089658,0.09896581,5,SERF1A,1
ENSG00000172113.9,ENSG00000172113.9,3,48301685,rs7614532,3,48291956,G,A,0.708748,0.00399798,0.0026,0.1223,0.691633,0.123031,1.891969e-08,0.00578049,0.00389731,0.1380214,0.001747364,13,NME6,1
ENSG00000172785.18,ENSG00000172785.18,9,179147,rs3008143,9,193737,C,T,0.380716,0.00449986,0.0042,0.2906,0.743622,0.11777,2.715627e-10,0.00605128,0.00572876,0.2908325,0.5627789,20,CBWD1,1
ENSG00000172992.12,ENSG00000172992.12,17,45061109,rs6503417,17,45066850,T,C,0.414513,0.0028958,0.0024,0.239,-0.698468,0.120069,5.984155e-09,-0.00414594,0.00350923,0.2374286,0.2841146,20,DCAKD,1
ENSG00000173226.17,ENSG00000173226.17,3,121835079,rs4676756,3,121813792,A,G,0.385686,0.0116024,0.0024,1.924e-06,-0.755676,0.11696,1.040127e-10,-0.0153537,0.00396659,0.0001084992,0.04092733,20,IQCB1,0.0484991424
ENSG00000173230.15,ENSG00000173230.15,3,121749767,rs79819395,3,120772210,T,G,0.950298,-0.0020978,0.006,0.729,0,NA,NA,Inf,NA,NA,NA,NA,GOLGB1,NA
ENSG00000173540.12,ENSG00000173540.12,3,49723951,rs6790568,3,49798017,C,T,0.83996,-0.0275957,0.0031,7.221e-19,-0.893595,0.137854,9.039458e-11,0.0308817,0.00589333,1.604801e-07,0.6289811,20,GMPPB,7.17346047e-05
ENSG00000173757.9,ENSG00000173757.9,17,42276707,rs62066827,17,41436294,G,T,0.936382,-0.00610135,0.0052,0.2425,0,NA,NA,Inf,NA,NA,NA,NA,STAT5B,NA
ENSG00000174226.9,ENSG00000174226.9,8,100663415,rs1693571,8,100666121,A,T,0.532803,0.0286979,0.0166,0.08317,-0.889737,0.106532,6.723039e-17,-0.0322543,0.0190527,0.09047453,0.08844648,20,SNX31,1
ENSG00000174574.16,ENSG00000174574.16,1,38991276,rs12027765,1,38975230,A,C,0.873757,0.00110061,0.0041,0.7873,-1.15352,0.181428,2.043972e-10,-0.00095413,0.00355751,0.7885443,0.1312602,15,AKIRIN1,1
ENSG00000174652.19,ENSG00000174652.19,19,9435571,rs9783951,19,9421891,G,A,0.570577,-0.00059982,0.0027,0.8234,0.786375,0.116569,1.519773e-11,-0.000762766,0.00343534,0.8242865,0.2544078,15,ZNF266,1
ENSG00000174953.14,ENSG00000174953.14,3,154324487,rs139610398,3,153351573,C,T,0.977137,-0.0128965,0.0091,0.1573,0,NA,NA,Inf,NA,NA,NA,NA,DHX36,NA
ENSG00000175110.11,ENSG00000175110.11,3,139110404,rs78171819,3,139316602,A,G,0.916501,0.00300451,0.0046,0.5212,-1.16745,0.194914,2.103581e-09,-0.00257356,0.00396356,0.5161413,0.287898,10,MRPS22,1
ENSG00000175161.13,ENSG00000175161.13,3,84958981,rs11713152,3,84804628,G,T,0.72664,-0.00039992,0.0027,0.881,-0.881143,0.13347,4.061964e-11,0.000453865,0.00306497,0.8822786,0.07405459,20,CADM2,1
ENSG00000175322.11,ENSG00000175322.11,18,14132490,rs56092593,18,14133320,T,C,0.229622,0.00669752,0.0035,0.0557,0.768833,0.137552,2.27856e-08,0.00871128,0.00481175,0.07023102,0.0002071107,11,ZNF519,1
ENSG00000175356.13,ENSG00000175356.13,11,9138114,rs6486138,11,9092591,G,A,0.689861,0.00280393,0.0026,0.2721,0.815799,0.11997,1.04619e-11,0.00343703,0.00322689,0.2868208,0.3434148,20,SCUBE2,1
ENSG00000175806.15,ENSG00000175806.15,8,10054292,rs7833387,8,10152023,G,A,0.549702,0.00359646,0.0025,0.1499,-0.663705,0.121674,4.902796e-08,-0.00541876,0.00389552,0.1642186,0.1132768,20,MSRA,1
ENSG00000176029.14,ENSG00000176029.14,11,8932988,rs4304763,11,7955518,C,A,0.743539,-0.0020978,0.0028,0.4517,0,NA,NA,Inf,NA,NA,NA,NA,C11orf16,NA
ENSG00000176209.11,ENSG00000176209.11,8,42541712,rs6474401,8,42509550,T,C,0.614314,0.00690378,0.0024,0.004577,-0.835772,0.115263,4.137059e-13,-0.00826036,0.00308931,0.00749859,0.2189538,20,SMIM19,1
ENSG00000176681.14,ENSG00000176681.14,17,46292733,rs62055516,17,45879024,T,C,0.760437,-0.00860289,0.0029,0.003181,-1.10042,0.131362,5.429362e-17,0.00781782,0.00279572,0.005168306,NA,NA,LRRC37A,1
ENSG00000176945.17,ENSG00000176945.17,3,195720884,rs2550283,3,195716648,A,C,0.870775,0.00999983,0.0074,0.178,-1.06069,0.171272,5.902975e-10,-0.00942771,0.00714078,0.186747,0.0176725,20,MUC20,1
ENSG00000177225.17,ENSG00000177225.17,11,777488,rs7948539,11,775651,T,A,0.550696,-0.0432032,0.0185,0.01947,-0.702004,0.118159,2.829425e-09,0.0615426,0.0283159,0.02974781,0.02207744,20,GATD1,1
ENSG00000177483.11,ENSG00000177483.11,2,237798745,rs72987116,2,237795570,G,A,0.87674,-0.00529595,0.0037,0.1497,-1.04836,0.191468,4.365238e-08,0.00505164,0.00364791,0.1661125,0.5608183,16,RBM44,1
ENSG00000178252.18,ENSG00000178252.18,3,49007154,rs9840684,3,48856347,C,T,0.66501,-0.0159029,0.0025,1.107e-10,-0.688094,0.123883,2.785666e-08,0.0231115,0.00552392,2.865589e-05,0.01896243,16,WDR6,0.01280918283
ENSG00000179344.16,ENSG00000179344.16,6,32668383,rs9273038,6,32644154,T,A,0.514911,0.0158042,0.0069,0.02205,-0.960149,0.105785,1.12225e-19,-0.0164602,0.00741168,0.02636146,0.0586598,20,HLA-DQB1,1
ENSG00000180481.11,ENSG00000180481.11,12,75391089,rs7966341,12,75423788,T,A,0.378728,0.00740253,0.0028,0.007586,-0.939878,0.107079,1.672966e-18,-0.00787606,0.00311131,0.01135997,0.7043794,20,GLIPR1L2,1
ENSG00000180767.10,ENSG00000180767.10,3,126524155,rs3856650,3,126528355,T,A,0.581511,0.00769957,0.016,0.6285,0.81561,0.11409,8.753982e-13,0.00944026,0.0196616,0.6311305,0.7568834,20,CHST13,1
ENSG00000180914.10,ENSG00000180914.10,3,8769628,rs2287580,3,8791701,G,A,0.795229,0.000500125,0.003,0.871,-1.03678,0.155383,2.516541e-11,-0.000482383,0.00289448,0.8676405,0.347264,11,OXTR,1
ENSG00000180953.11,ENSG00000180953.11,15,79915256,rs8024713,15,79914616,C,G,0.633201,0.00830439,0.0028,0.003041,0.721124,0.12222,3.630618e-09,0.0115159,0.00434578,0.00805149,0.04592671,13,AC015871.1,1
ENSG00000181315.11,ENSG00000181315.11,6,26659752,rs2494710,6,26647497,C,A,0.568588,0.000900405,0.0024,0.7203,-0.685546,0.124785,3.933762e-08,-0.00131341,0.00350901,0.7081833,0.0002473284,11,ZNF322,1
ENSG00000181333.12,ENSG00000181333.12,11,94021354,rs1138800,11,94129327,A,C,0.379722,0.00550482,0.0024,0.02298,-0.702028,0.120607,5.856667e-09,-0.00784131,0.00367451,0.03284478,0.07544764,12,HEPHL1,1
ENSG00000181404.17,ENSG00000181404.17,9,73865,rs9407330,9,73986,A,G,0.55169,0.00519647,0.0045,0.2562,0.714734,0.124302,8.92434e-09,0.0072705,0.00642176,0.2575645,0.03937417,8,WASHC1,1
ENSG00000182093.16,ENSG00000182093.16,21,39377698,rs2299739,21,39385961,G,A,0.297217,0.00410158,0.0027,0.1273,0.814454,0.1231,3.685498e-11,0.00503598,0.00340136,0.1387192,0.1405237,20,GET1,1
ENSG00000182362.14,ENSG00000182362.14,21,46286342,rs62224180,21,46306418,G,C,0.785288,-0.00259663,0.003,0.377,-0.906063,0.141493,1.517552e-10,0.00286583,0.00334113,0.3910349,0.01447052,20,YBEY,1
ENSG00000182534.13,ENSG00000182534.13,17,76711016,rs8067445,17,76691695,T,G,0.472167,0.0030952,0.0024,0.1841,-0.699169,0.118967,4.177687e-09,-0.00442697,0.00351432,0.2077795,0.4375655,20,MXRA7,1
ENSG00000182600.9,ENSG00000182600.9,2,232869014,rs778368,2,232880623,G,C,0.359841,0.0158044,0.0027,6.193e-09,-0.721491,0.12108,2.540972e-09,-0.0219053,0.00524579,2.969658e-05,0.2132642,20,SNORC,0.01327437126
ENSG00000182871.16,ENSG00000182871.16,21,45405165,rs8132201,21,45452713,A,G,0.87674,-0.00040008,0.004,0.9224,1.05775,0.178794,3.298646e-09,-0.000378238,0.00378216,0.9203398,0.2988095,15,COL18A1,1
ENSG00000182919.14,ENSG00000182919.14,11,93741591,rs4753498,11,93742462,C,T,0.648111,-0.00119928,0.0025,0.6204,-0.711635,0.121622,4.880394e-09,0.00168525,0.00352482,0.6325733,0.005675474,13,C11orf54,1
ENSG00000182993.5,ENSG00000182993.5,12,14803666,rs247346,12,14761952,A,T,0.452286,0.0128965,0.0165,0.4359,0.751867,0.117796,1.738788e-10,0.0171526,0.0221093,0.4378612,0.4887633,16,C12orf60,1
ENSG00000183010.17,ENSG00000183010.17,17,81942412,rs7213474,17,82004842,T,C,0.353877,-0.0102019,0.0027,0.0001624,0.694932,0.123623,1.894159e-08,-0.0146804,0.00468139,0.001713247,0.03493238,20,PYCR1,0.765821409
ENSG00000183060.15,ENSG00000183060.15,15,99733561,rs8030331,15,99733939,C,T,0.688867,0.00619918,0.0026,0.01616,-0.884966,0.114233,9.408898e-15,-0.00700499,0.00307397,0.02267824,0.8876956,20,LYSMD4,1
ENSG00000183066.14,ENSG00000183066.14,22,41998725,rs6002655,22,42207808,C,T,0.574553,-0.00870203,0.0025,0.0005697,-0.694429,0.119878,6.922253e-09,0.0125312,0.00420002,0.00284875,0.3076172,20,WBP2NL,1
ENSG00000183172.9,ENSG00000183172.9,22,42079691,rs133344,22,42023429,A,C,0.737575,-0.00390238,0.0027,0.1467,0.825065,0.141749,5.863672e-09,-0.00472978,0.00337185,0.1606986,0.05248225,20,SMDT1,1
ENSG00000183346.7,ENSG00000183346.7,10,61662961,rs12761889,10,61675945,G,A,0.914513,0.0151035,0.0044,0.0005097,-1.29501,0.219389,3.573832e-09,-0.0116628,0.00393038,0.003003763,0.08351748,12,CABCOCO1,1
ENSG00000183454.17,ENSG00000183454.17,16,10182754,rs3105688,16,9970923,G,A,0.536779,0.0041988,0.0023,0.07093,-0.681382,0.119256,1.106109e-08,-0.00616219,0.00354361,0.0820419,0.1517072,20,GRIN2A,1
ENSG00000183791.5,ENSG00000183791.5,18,46964644,rs998819,18,47037810,C,T,0.55666,0.00680309,0.0024,0.003968,-0.775776,0.114566,1.275419e-11,-0.0087694,0.00335381,0.008929048,0.1006718,20,ELOA3,1
ENSG00000183844.17,ENSG00000183844.17,21,41304212,rs66933393,21,41318497,C,T,0.861829,-0.0018982,0.0033,0.5666,-1.20126,0.159213,4.522869e-14,0.00158017,0.00275508,0.5662744,0.5216007,15,FAM3B,1
ENSG00000184206.12,ENSG00000184206.12,15,84235773,rs3762168,15,84599416,A,C,0.841948,-0.00229736,0.003,0.4381,-0.895879,0.152485,4.223337e-09,0.00256436,0.00337699,0.4476354,0.02629928,20,GOLGA6L4,1
ENSG00000184227.8,ENSG00000184227.8,14,73537143,rs12433922,14,73571367,G,A,0.72664,0.00080032,0.0028,0.7722,-0.853454,0.144492,3.492407e-09,-0.000937743,0.00328463,0.7752653,0.06584763,20,ACOT1,1
ENSG00000184389.9,ENSG00000184389.9,1,33321098,rs11554674,1,33324895,G,A,0.758449,0.00540458,0.0027,0.04844,-0.872334,0.131709,3.515049e-11,-0.00619554,0.00323341,0.05535244,0.02108454,20,A3GALT2,1
ENSG00000184984.9,ENSG00000184984.9,15,33968720,rs11856529,15,33985176,G,A,0.39662,0.00610135,0.0025,0.01297,0.835771,0.116617,7.677097e-13,0.00730026,0.00315993,0.02087376,0.4631306,20,CHRM5,1
ENSG00000185149.6,ENSG00000185149.6,4,155208636,rs35440820,4,155163408,G,T,0.932406,-0.00879859,0.0049,0.07438,-1.41553,0.197876,8.453115e-13,0.00621577,0.00356899,0.08157787,0.2699541,10,NPY2R,1
ENSG00000185269.12,ENSG00000185269.12,17,81961840,rs7213474,17,82004842,T,C,0.353877,-0.0102019,0.0027,0.0001624,0.787019,0.118399,2.987203e-11,-0.0129627,0.00394618,0.001020319,0.01887789,20,NOTUM,0.456082593
ENSG00000185519.9,ENSG00000185519.9,1,16073651,rs12030469,1,16056235,C,T,0.562624,-0.00560427,0.0025,0.02712,0.704009,0.120241,4.770106e-09,-0.0079605,0.00380247,0.03630378,0.2647393,20,FAM131C,1
ENSG00000185829.17,ENSG00000185829.17,17,46579682,rs6503453,17,45985237,A,G,0.571571,-0.0044003,0.0025,0.08599,0.774034,0.115936,2.448828e-11,-0.0056849,0.00334019,0.08876106,7.047257e-05,5,ARL17A,1
ENSG00000186431.19,ENSG00000186431.19,19,54874235,rs10406079,19,54880342,T,C,0.729622,-0.00219758,0.0032,0.5009,-0.720545,0.13043,3.30613e-08,0.00304989,0.00447526,0.4955556,0.7145084,17,FCAR,1
ENSG00000186470.14,ENSG00000186470.14,6,26365159,rs72841536,6,26378060,T,A,0.888668,0.0355028,0.004,3.497e-19,1.04411,0.18746,2.550323e-08,0.0340028,0.00720734,2.384063e-06,0.3616822,20,BTN3A2,0.001065676161
ENSG00000186529.16,ENSG00000186529.16,19,15640897,rs1290617,19,15641087,T,G,0.573559,0.000100005,0.0024,0.9809,0.711117,0.120983,4.157555e-09,0.000140631,0.00337506,0.9667636,0.6670372,17,CYP4F3,1
ENSG00000186642.16,ENSG00000186642.16,11,72674591,rs12362256,11,72657610,C,T,0.481113,0.0018982,0.0023,0.4069,-0.905852,0.104873,5.740601e-18,-0.00209548,0.00255061,0.4113265,0.08572743,20,PDE2A,1
ENSG00000187010.21,ENSG00000187010.21,1,25272439,rs72660908,1,25257119,C,G,0.612326,0.00660174,0.0027,0.01569,0.8811,0.109808,1.023561e-15,0.00749261,0.00320346,0.01934009,0.4535027,13,RHD,1
ENSG00000187134.14,ENSG00000187134.14,10,4963253,rs67362530,10,5001312,G,A,0.868787,-0.0018982,0.0038,0.6196,0.91117,0.160141,1.271878e-08,-0.00208325,0.0041865,0.6187578,0.2599171,20,AKR1C1,1
ENSG00000187624.9,ENSG00000187624.9,17,410325,rs7502594,17,410391,T,C,0.760437,-0.00489799,0.0028,0.08542,-1.01633,0.113336,3.035968e-19,0.00481927,0.00280693,0.08599402,0.5502679,14,C17orf97,1
ENSG00000187815.10,ENSG00000187815.10,1,40477290,rs112950915,1,40538796,G,A,0.816103,-0.0108015,0.0032,0.000702,0.987191,0.138007,8.477767e-13,-0.0109416,0.00358429,0.002268282,0.04503468,20,ZFP69,1
ENSG00000187824.8,ENSG00000187824.8,17,10730316,rs429303,17,10708361,A,G,0.524851,-0.00390238,0.0024,0.1014,0.776973,0.117025,3.149634e-11,-0.00502254,0.00318019,0.1142629,0.3203021,10,TMEM220,1
ENSG00000188000.5,ENSG00000188000.5,19,9178979,rs73494602,19,9153725,G,A,0.934394,0.00300451,0.0061,0.617,-1.47727,0.208908,1.533781e-12,-0.00203383,0.00413925,0.6231775,0.4693034,7,OR7D2,1
ENSG00000188056.12,ENSG00000188056.12,6,41228339,rs6458199,6,41215773,A,T,0.192843,0.00320486,0.0031,0.288,1.10236,0.153802,7.643566e-13,0.00290728,0.00284126,0.3061963,0.2469359,20,TREML4,1
ENSG00000188130.14,ENSG00000188130.14,22,50261716,rs4395345,22,50202922,A,G,0.754473,0.00869772,0.003,0.003184,-0.750914,0.132759,1.547608e-08,-0.0115828,0.00448939,0.009878656,0.02044908,20,MAPK12,1
ENSG00000188199.10,ENSG00000188199.10,10,79703227,rs2782027,10,79769119,C,T,0.407555,-0.00789872,0.0056,0.1569,-0.785836,0.11439,6.429212e-12,0.0100514,0.00727482,0.1670747,0.3110893,20,NUTM2B,1
ENSG00000188269.9,ENSG00000188269.9,19,14828299,rs10414568,19,14833630,T,A,0.741551,0.00080032,0.0027,0.7666,-0.750829,0.128836,5.616287e-09,-0.00106592,0.00360067,0.7672055,0.7159994,13,OR7A5,1
ENSG00000188295.14,ENSG00000188295.14,1,247104372,rs2270616,1,247104366,G,T,0.611332,0.00060018,0.0024,0.8185,-0.673846,0.122951,4.238853e-08,-0.000890679,0.00356535,0.8027303,0.55499,20,ZNF669,1
ENSG00000188312.14,ENSG00000188312.14,9,92325953,rs7875681,9,92482961,A,G,0.824056,0.00719583,0.0033,0.02716,-1.03604,0.172893,2.067675e-09,-0.0069455,0.00338953,0.0404518,0.3737312,20,CENPP,1
ENSG00000188372.15,ENSG00000188372.15,7,76424950,rs76134806,7,76673943,T,C,0.939364,0.00160128,0.0053,0.7639,-1.3122,0.218876,2.032353e-09,-0.0012203,0.00404413,0.762846,0.4361491,20,ZP3,1
ENSG00000188385.12,ENSG00000188385.12,10,132036336,rs954819,10,132143985,G,A,0.694831,-0.00370313,0.0026,0.1495,-0.69654,0.12436,2.131187e-08,0.00531647,0.00385153,0.1674782,0.767081,12,JAKMIP3,1
ENSG00000188393.9,ENSG00000188393.9,12,9932370,rs74065411,12,9943487,G,C,0.969185,0.00500249,0.006,0.4022,-1.47167,0.261119,1.740454e-08,-0.0033992,0.00412137,0.4095006,0.3596033,20,CLEC2A,1
ENSG00000188573.8,ENSG00000188573.8,5,168529305,rs143546497,5,168542535,T,C,0.842942,-0.0041988,0.0035,0.2246,-0.983866,0.163727,1.864409e-09,0.00426766,0.00362759,0.2394177,0.4655627,20,FBLL1,1
ENSG00000188732.11,ENSG00000188732.11,7,23680130,rs2191305,7,23683593,C,T,0.519881,-0.00219758,0.0024,0.3676,-0.966577,0.099851,3.659983e-22,0.00227357,0.00249407,0.3619842,0.4240537,20,FAM221A,1
ENSG00000188818.12,ENSG00000188818.12,5,850986,rs388889,5,760034,C,T,0.500994,0.00410158,0.0071,0.5628,-0.770867,0.117057,4.53663e-11,-0.00532074,0.00924578,0.5649688,0.9158356,8,ZDHHC11,1
ENSG00000188886.3,ENSG00000188886.3,2,96138436,rs77155089,2,95207148,G,A,0.965209,-0.012699,0.0073,0.08316,0,NA,NA,Inf,NA,NA,0.4878523,10,ASTL,NA
ENSG00000188997.8,ENSG00000188997.8,11,78188626,rs1144764,11,78159440,C,T,0.472167,0.00239712,0.0024,0.3162,0.69567,0.119621,6.041673e-09,0.00344578,0.00350042,0.3249241,0.1355332,20,KCTD21,1
ENSG00000189157.14,ENSG00000189157.14,4,76214040,rs11933305,4,76279722,G,A,0.408549,-0.000100005,0.0024,0.9616,-0.791466,0.113978,3.81151e-12,0.000126354,0.0030324,0.9667634,0.04813533,20,FAM47E,1
ENSG00000189269.12,ENSG00000189269.12,22,23632321,rs6003823,22,23649233,C,T,0.636183,0.000100005,0.0026,0.9605,0.715336,0.124268,8.592661e-09,0.000139801,0.00363473,0.9693188,0.06017751,12,DRICH1,1
ENSG00000189292.16,ENSG00000189292.16,2,288851,rs62114497,2,214837,G,A,0.663022,0.00060018,0.0025,0.8129,0.806521,0.121114,2.75322e-11,0.00074416,0.00310175,0.8103952,0.06400976,20,ALKAL2,1
ENSG00000189339.12,ENSG00000189339.12,1,1692795,rs115866895,1,1661177,A,G,0.745527,0.0036035,0.0039,0.3534,0.947117,0.121534,6.543673e-15,0.0038047,0.0041466,0.3588558,0.5129479,20,SLC35E2B,1
ENSG00000189366.9,ENSG00000189366.9,3,125937039,rs11929488,3,125984509,C,T,0.60338,-0.00560427,0.0024,0.02114,0.7213,0.120117,1.913317e-09,-0.00776967,0.00357004,0.02952873,0.1694098,20,ALG1L,1
ENSG00000196126.11,ENSG00000196126.11,6,32589848,rs9271472,6,32620923,C,T,0.699801,-0.00989883,0.0029,0.0006254,0.744863,0.124601,2.258941e-09,-0.0132895,0.00448331,0.003034611,0.04329119,20,HLA-DRB1,1
ENSG00000196275.14,ENSG00000196275.14,7,74851551,rs707395,7,74797709,C,T,0.815109,-0.0160013,0.0039,3.714e-05,-0.985912,0.145089,1.081619e-11,0.0162299,0.00462087,0.0004442249,0.3882485,19,GTF2IRD2,0.1985685303
ENSG00000196335.13,ENSG00000196335.13,7,23710203,rs6415248,7,23674669,C,T,0.510934,-0.00039992,0.0024,0.8615,-0.748483,0.115489,9.111691e-11,0.000534307,0.00320754,0.8677019,0.1262766,20,STK31,1
ENSG00000196378.11,ENSG00000196378.11,8,144787345,rs2979082,8,144809973,A,G,0.548708,0.00569619,0.0024,0.01809,0.66477,0.120277,3.257525e-08,0.00856867,0.00392907,0.0291953,0.1427903,20,ZNF34,1
ENSG00000196418.12,ENSG00000196418.12,1,247172016,rs4925715,1,247125167,G,T,0.722664,0.000100005,0.0026,0.971,0.928508,0.126981,2.628038e-13,0.000107705,0.00280023,0.9693186,0.3932679,20,ZNF124,1
ENSG00000196584.3,ENSG00000196584.3,7,152676141,rs35545025,7,152679451,C,T,0.799205,0.00110061,0.0029,0.6873,-0.866461,0.154049,1.859382e-08,-0.00127023,0.00335456,0.7049418,0.2681988,10,XRCC2,1
ENSG00000196655.12,ENSG00000196655.12,11,119018766,rs7127188,11,119022313,A,C,0.770378,0.00280393,0.0028,0.3259,-0.812876,0.142405,1.141772e-08,-0.00344939,0.00349716,0.3239665,0.8438879,15,TRAPPC4,1
ENSG00000196693.15,ENSG00000196693.15,10,42638570,rs678822,10,42666998,G,T,0.586481,0.00079968,0.0032,0.8033,-0.738159,0.119169,5.858172e-10,-0.00108334,0.00433864,0.8028217,0.5623347,18,ZNF33B,1
ENSG00000196735.12,ENSG00000196735.12,6,32628179,rs9273038,6,32644154,T,A,0.514911,0.0158042,0.0069,0.02205,-0.857449,0.113804,4.905843e-14,-0.0184317,0.00841076,0.02841978,0.05775429,20,HLA-DQA1,1
ENSG00000197020.11,ENSG00000197020.11,19,21767579,rs6511291,19,21767600,T,C,0.441352,-0.000900405,0.0025,0.7123,0.865482,0.110342,4.378106e-15,-0.00104035,0.00289161,0.7190094,0.02191375,20,ZNF100,1
ENSG00000197134.13,ENSG00000197134.13,19,22052430,rs7253490,19,22110904,A,C,0.281312,-0.0031951,0.0026,0.211,0.845116,0.119868,1.784043e-12,-0.00378066,0.00312288,0.2260365,0.2751383,20,ZNF257,1
ENSG00000197345.13,ENSG00000197345.13,11,68903835,rs10792001,11,68870269,G,C,0.698807,0.00120072,0.0025,0.6388,0.886127,0.128741,5.860484e-12,0.00135502,0.00282812,0.631851,0.1592778,20,MRPL21,1
ENSG00000197417.8,ENSG00000197417.8,17,3636250,rs62069928,17,3611304,C,T,0.758449,-0.00459941,0.0029,0.1113,-0.900719,0.146711,8.283378e-10,0.00510637,0.00332535,0.1246388,0.08077718,15,SHPK,1
ENSG00000197728.11,ENSG00000197728.11,12,56041351,rs10876864,12,56007301,G,A,0.408549,-0.00300451,0.0024,0.2082,0.99673,0.0977321,2.011505e-24,-0.00301437,0.00242595,0.2140327,0.5832028,20,RPS26,1
ENSG00000197888.2,ENSG00000197888.2,4,68568527,rs35047063,4,68626728,A,G,0.487078,-0.000100005,0.0037,0.988,-0.684686,0.120807,1.448119e-08,0.00014606,0.005404,0.9784373,0.3708094,12,UGT2B17,1
ENSG00000197937.12,ENSG00000197937.12,19,53159060,rs12985137,19,53114565,C,T,0.420477,-0.00540458,0.0025,0.02735,-0.754437,0.11667,1.003648e-10,0.00716372,0.00349401,0.04033642,0.7488336,20,ZNF347,1
ENSG00000198185.11,ENSG00000198185.11,20,46513559,rs202370,20,46529811,G,C,0.787276,-0.00390238,0.0031,0.2089,-0.879049,0.151492,6.529439e-09,0.00443931,0.00360857,0.2186169,0.378643,5,ZNF334,1
ENSG00000198373.12,ENSG00000198373.12,16,69762306,rs11644448,16,70054629,G,A,0.617296,0.000499875,0.0031,0.87,0.719263,0.121559,3.278673e-09,0.000694982,0.00431157,0.8719436,0.009511946,20,WWP2,1
ENSG00000198382.9,ENSG00000198382.9,11,75815407,rs187136654,11,74984899,T,C,0.992048,-0.0183997,0.0212,0.386,0,NA,NA,Inf,NA,NA,NA,NA,UVRAG,NA
ENSG00000198502.6,ENSG00000198502.6,6,32530287,rs9271061,6,32607767,T,A,0.861829,0,0.0033,0.9996,-1.16526,0.144087,6.105189e-16,0,0.00283198,1,0.0137996,20,HLA-DRB5,1
ENSG00000198633.10,ENSG00000198633.10,19,52429187,rs7247111,19,52421865,G,A,0.855865,0.0120965,0.0046,0.008663,-1.11274,0.179613,5.821119e-10,-0.010871,0.00449096,0.01549325,0.08507986,15,ZNF534,1
ENSG00000198677.11,ENSG00000198677.11,5,95555007,rs972390,5,95568403,T,C,0.877734,-0.0077995,0.0038,0.03874,-0.982779,0.179065,4.055902e-08,0.00793617,0.00412812,0.05454708,0.4566285,10,TTC37,1
ENSG00000198758.10,ENSG00000198758.10,1,109764027,rs11579576,1,109706554,T,C,0.593439,0.00180162,0.0025,0.4793,0.702325,0.124955,1.902946e-08,0.00256523,0.00358875,0.4747343,0.08101474,9,EPS8L3,1
ENSG00000198848.12,ENSG00000198848.12,16,55833337,rs11865638,16,55846727,C,T,0.725646,0.00700447,0.0033,0.03473,-0.785157,0.142538,3.6211e-08,-0.00892111,0.00450422,0.0476347,0.03332928,12,CES1,1
ENSG00000198874.13,ENSG00000198874.13,7,66995173,rs10274578,7,67148694,A,G,0.737575,0.00950503,0.0026,0.0003548,-0.971444,0.117834,1.662688e-16,-0.00978443,0.00292777,0.0008319401,0.4778963,17,TYW1,0.3718772247
ENSG00000203666.12,ENSG00000203666.12,1,245002121,rs4658434,1,244988680,C,T,0.588469,0.00769957,0.0025,0.002062,-0.887541,0.112253,2.64515e-15,-0.00867516,0.00302292,0.004107388,0.5524936,20,EFCAB2,1
ENSG00000203697.11,ENSG00000203697.11,1,223665734,rs12132879,1,223713093,C,T,0.907555,0.00729656,0.0047,0.1176,-1.22025,0.203266,1.93466e-09,-0.00597958,0.00397839,0.1328355,0.0962677,19,CAPN8,1
ENSG00000203722.8,ENSG00000203722.8,6,149923121,rs9322225,6,149863746,G,C,0.583499,-0.00799793,0.0026,0.002329,-0.904753,0.110094,2.069255e-16,0.00883991,0.00306844,0.003965222,0.0228538,20,RAET1G,1
ENSG00000203778.8,ENSG00000203778.8,6,112087591,rs2345804,6,112092259,G,A,0.500994,-0.000700245,0.0024,0.7624,-0.715314,0.118382,1.518379e-09,0.000978934,0.00335908,0.7707231,0.5609076,13,FAM229B,1
ENSG00000203797.10,ENSG00000203797.10,6,110415575,rs2180004,6,110422059,A,G,0.628231,0.000100005,0.0024,0.9719,-0.957243,0.110488,4.562955e-18,-0.000104472,0.00250723,0.9667632,0.830971,20,DDO,1
ENSG00000204172.12,ENSG00000204172.12,10,47523638,rs2062704,10,48184959,C,G,0.77833,-0.00590255,0.0037,0.1159,0.823437,0.143201,8.913794e-09,-0.00716818,0.00466308,0.1242392,0.2777905,5,AGAP9,1
ENSG00000204219.11,ENSG00000204219.11,1,23424748,rs10917388,1,23476645,A,G,0.166004,-0.00339576,0.0031,0.2715,-0.848041,0.151317,2.089783e-08,0.00400424,0.00372465,0.2823463,0.6838938,14,TCEA3,1
ENSG00000204525.16,ENSG00000204525.16,6,31272105,rs9264393,6,31261502,G,A,0.429423,-0.00240288,0.0026,0.3473,0.755807,0.117555,1.281093e-10,-0.00317923,0.00347539,0.3603051,0.09606268,20,HLA-C,1
ENSG00000204531.18,ENSG00000204531.18,6,31180731,rs9405052,6,31189932,C,T,0.814115,-0.00909848,0.003,0.002876,-0.950861,0.143717,3.685509e-11,0.00956868,0.00347072,0.005833911,0.01094515,20,POU5F1,1
ENSG00000204540.11,ENSG00000204540.11,6,31114750,rs3094215,6,31116907,G,A,0.451292,-0.0106036,0.0024,9.621e-06,-0.659112,0.120721,4.766707e-08,0.0160877,0.00468413,0.0005936301,0.2749816,20,PSORS1C1,0.2653526547
ENSG00000204961.6,ENSG00000204961.6,5,140847463,rs76789733,5,140903346,A,G,0.923459,-0.00590255,0.0041,0.1459,1.0097,0.16506,9.523409e-10,-0.00584581,0.00417153,0.1611065,0.3326507,17,PCDHA9,1
ENSG00000204991.11,ENSG00000204991.11,16,89818179,rs11076633,16,89819984,C,G,0.696819,0.00429923,0.0031,0.1639,-0.752347,0.124871,1.691101e-09,-0.00571442,0.00422819,0.1765334,0.2118067,20,SPIRE2,1
ENSG00000205078.6,ENSG00000205078.6,16,77206441,rs8398,16,77199441,C,T,0.739563,0.00719583,0.0027,0.007531,-0.835143,0.126299,3.781395e-11,-0.00861629,0.0034857,0.01343987,0.08881892,20,SYCE1L,1
ENSG00000205086.7,ENSG00000205086.7,2,41956806,rs11124854,2,41927193,T,C,0.446322,0.00590255,0.0024,0.01487,-0.683133,0.119962,1.23661e-08,-0.0086404,0.00382687,0.02395658,0.5716851,20,C2orf91,1
ENSG00000205464.12,ENSG00000205464.12,5,82279462,rs17790303,5,82394223,G,C,0.780318,-0.00159872,0.0029,0.5688,-0.851718,0.13407,2.114312e-10,0.00187705,0.00341768,0.582855,0.3505972,20,ATP6AP1L,1
ENSG00000205809.9,ENSG00000205809.9,12,10442263,rs10845143,12,10482784,C,T,0.192843,0.0018982,0.0032,0.5524,1.04724,0.147578,1.282339e-12,0.00181256,0.0030663,0.5544367,0.255668,15,KLRC2,1
ENSG00000205978.6,ENSG00000205978.6,14,24399003,rs11625026,14,24400540,C,T,0.65507,0.0031951,0.0027,0.2372,0.795595,0.119667,2.962964e-11,0.00401599,0.00344703,0.2439953,0.2630112,3,NYNRIN,1
ENSG00000206127.11,ENSG00000206127.11,15,32455634,rs4539568,15,32609864,G,T,0.643141,0.00130085,0.0026,0.6162,-0.809906,0.118297,7.573144e-12,-0.00160617,0.00321881,0.6177832,0.6432725,12,GOLGA8O,1
ENSG00000212127.5,ENSG00000212127.5,12,11034885,rs10743928,12,10867697,C,T,0.367793,0.00400198,0.0024,0.09289,0.689991,0.119462,7.658835e-09,0.00580005,0.00362036,0.1091417,0.1522944,20,TAS2R14,1
ENSG00000213221.5,ENSG00000213221.5,9,136363744,rs77813615,9,136350742,C,T,0.95825,0.00540458,0.0066,0.4161,-1.37802,0.242481,1.323522e-08,-0.00392198,0.00483894,0.4176502,0.9940772,8,DNLZ,1
ENSG00000213462.5,ENSG00000213462.5,7,65006743,rs7793665,7,65452010,T,C,0.56163,0.00480151,0.0024,0.0435,-0.697996,0.118901,4.347444e-09,-0.00687899,0.00363261,0.05826765,0.01923286,20,ERV3-1,1
ENSG00000213533.12,ENSG00000213533.12,3,52897548,rs6778442,3,52114467,T,C,0.829026,0.00250313,0.0038,0.5164,0,NA,NA,-Inf,NA,NA,0.4813776,8,STIMATE,NA
ENSG00000213672.8,ENSG00000213672.8,3,48686364,rs6442130,3,48740594,G,A,0.666004,-0.0159029,0.0025,1.587e-10,0.774563,0.118005,5.245349e-11,-0.0205314,0.00449464,4.92458e-06,0.01929896,20,NCKIPSD,0.00220128726
ENSG00000213676.13,ENSG00000213676.13,6,32128253,rs2228628,6,32121077,G,C,0.701789,0.000300045,0.0026,0.8971,-0.815836,0.126655,1.183758e-10,-0.000367776,0.00318743,0.9081412,0.03625501,20,ATF6B,1
ENSG00000214026.11,ENSG00000214026.11,11,1947278,rs4980401,11,1902717,T,A,0.163022,0.00149888,0.0037,0.6845,-0.895025,0.152526,4.410829e-09,-0.00167468,0.0041438,0.68611,0.5833362,8,MRPL23,1
ENSG00000214078.12,ENSG00000214078.12,20,35664759,rs6060676,20,35910629,T,C,0.895626,-0.00970278,0.0039,0.01275,1.07742,0.181592,2.970874e-09,-0.00900554,0.00392509,0.02177039,0.297166,20,CPNE1,1
ENSG00000214087.8,ENSG00000214087.8,17,81683924,rs62080209,17,81669623,A,G,0.798211,0.00359646,0.0034,0.2923,1.03858,0.132791,5.232227e-15,0.00346285,0.0033035,0.2945286,0.08965036,20,ARL16,1
ENSG00000214435.8,ENSG00000214435.8,10,102869470,rs12416687,10,102869254,T,C,0.745527,0.00160128,0.0027,0.5625,0.758658,0.138068,3.911528e-08,0.00211068,0.00357958,0.5554303,0.001599026,20,AS3MT,1
ENSG00000215568.9,ENSG00000215568.9,22,17008222,rs759076,22,16972035,G,A,0.275348,0.00139902,0.0028,0.6335,-0.897594,0.121424,1.444193e-13,-0.00155863,0.00312657,0.6181226,0.5063741,20,GAB4,1
ENSG00000215790.7,ENSG00000215790.7,1,1745999,rs115866895,1,1661177,A,G,0.745527,0.0036035,0.0039,0.3534,-1.02456,0.115576,7.664134e-19,-0.00351713,0.00382714,0.3580977,0.6556962,20,SLC35E2A,1
ENSG00000215845.11,ENSG00000215845.11,1,161038977,rs10908821,1,161038745,C,G,0.869781,0.00300451,0.0039,0.4363,-1.20681,0.143569,4.249558e-17,-0.00248963,0.0032452,0.4429794,0.9035153,20,TSTD1,1
ENSG00000217442.4,ENSG00000217442.4,22,50562919,rs78789402,22,50562842,G,A,0.940358,0.002002,0.005,0.6872,-1.22944,0.215896,1.236609e-08,-0.00162839,0.00407694,0.6895879,0.6237386,20,SYCE3,1
ENSG00000221813.4,ENSG00000221813.4,7,144000320,rs7805994,7,144099569,A,G,0.833996,-0.00720399,0.0029,0.01352,-0.826322,0.149129,3.007492e-08,0.00871814,0.00384608,0.02340494,0.2043011,15,OR6B1,1
ENSG00000221836.3,ENSG00000221836.3,7,144048948,rs7805994,7,144099569,A,G,0.833996,-0.00720399,0.0029,0.01352,-0.98483,0.139752,1.828153e-12,0.00731496,0.00312227,0.01913801,0.4384312,20,OR2A5,1
ENSG00000221858.3,ENSG00000221858.3,7,144086278,rs1635893,7,144180383,A,G,0.838966,-0.00669752,0.0033,0.0419,-1.06605,0.132467,8.443335e-16,0.00628259,0.00319248,0.04907555,0.2999546,20,OR2A12,1
ENSG00000221882.3,ENSG00000221882.3,17,3383899,rs7212081,17,3422295,C,A,0.570577,0.00450011,0.0024,0.06165,0.752171,0.116033,9.027498e-11,0.00598283,0.00332156,0.07166997,0.8982555,20,OR3A2,1
ENSG00000221923.9,ENSG00000221923.9,19,52369917,rs2059818,19,52379267,T,C,0.592445,0.000300045,0.0025,0.8887,-0.939462,0.107616,2.551229e-18,-0.00031938,0.00266135,0.9044779,0.006998342,19,ZNF880,1
ENSG00000221938.5,ENSG00000221938.5,7,144123176,rs1635893,7,144180383,A,G,0.838966,-0.00669752,0.0033,0.0419,-0.841245,0.146691,9.762751e-09,0.00796144,0.00416116,0.0557134,0.2769581,19,OR2A14,1
ENSG00000223496.3,ENSG00000223496.3,16,70251940,rs4985407,16,70251998,A,G,0.461233,-0.00489799,0.0029,0.09248,0.967703,0.0993637,2.055664e-22,-0.00506145,0.00304152,0.09608819,0.1176557,20,EXOSC6,1
ENSG00000223510.6,ENSG00000223510.6,17,14236862,rs12944037,17,14037292,T,C,0.375746,0.0036035,0.0024,0.1361,-0.779482,0.116119,1.909245e-11,-0.00462294,0.00315505,0.1428519,0.5863836,20,CDRT15,1
ENSG00000228570.7,ENSG00000228570.7,10,79841358,rs2782027,10,79769119,C,T,0.407555,-0.00789872,0.0056,0.1569,0.869781,0.108562,1.130422e-15,-0.00908128,0.00653742,0.1647953,0.223618,20,NUTM2E,1
ENSG00000228696.9,ENSG00000228696.9,17,46361797,rs199451,17,46724418,G,A,0.777336,-0.00600195,0.003,0.04273,-1.11716,0.134167,8.319711e-17,0.00537252,0.00276181,0.05174043,0.001801442,7,ARL17B,1
ENSG00000228716.7,ENSG00000228716.7,5,80654983,rs408626,5,80655314,T,C,0.549702,0.0031951,0.0024,0.1828,-0.826595,0.111675,1.343506e-13,-0.00386537,0.00295007,0.1901057,0.268676,20,DHFR,1
ENSG00000229924.3,ENSG00000229924.3,4,9170409,rs1976013,4,9149535,T,C,0.924453,0.015205,0.0108,0.1601,-1.37029,0.215557,2.057318e-10,-0.0110962,0.00807249,0.1692663,0.01477148,20,FAM90A26,1
ENSG00000231852.9,ENSG00000231852.9,6,32038327,rs1048709,6,31947158,G,A,0.847913,0.00359646,0.003,0.2302,0.875169,0.159755,4.296737e-08,0.00410945,0.00350903,0.241556,0.4346524,20,CYP21A2,1
ENSG00000232629.9,ENSG00000232629.9,6,32763532,rs9273333,6,32655548,C,T,0.450298,0.00470103,0.0059,0.4213,0.942957,0.106239,6.943216e-19,0.00498542,0.00628208,0.4274319,0.06188431,20,HLA-DQB2,1
ENSG00000232653.8,ENSG00000232653.8,15,32593456,rs7179495,15,32608094,C,A,0.755467,-0.0034042,0.0032,0.2818,-0.864801,0.135664,1.834411e-10,0.0039364,0.00375145,0.2940396,0.6316357,11,GOLGA8N,1
ENSG00000234719.9,ENSG00000234719.9,16,11976643,rs2869492,16,11977484,C,T,0.416501,0.000499875,0.0026,0.8493,0.966281,0.10296,6.291634e-21,0.000517319,0.00269129,0.8475704,0.634878,20,NPIPB2,1
ENSG00000235109.7,ENSG00000235109.7,6,28356271,rs149956,6,28068473,G,A,0.630219,0.00950503,0.0025,0.0001187,-0.709536,0.127752,2.792058e-08,-0.0133961,0.00426992,0.001704964,0.003659124,20,ZSCAN31,0.762118908
ENSG00000237541.4,ENSG00000237541.4,6,32741391,rs28366288,6,32592655,C,T,0.706759,-0.0146975,0.0038,0.0001308,-0.949118,0.110733,1.024121e-17,0.0154854,0.00439247,0.0004227797,0.04407587,20,HLA-DQA2,0.1889825259
ENSG00000237651.6,ENSG00000237651.6,2,61145068,rs1729660,2,61138677,C,T,0.593439,-0.000699755,0.0024,0.7811,-0.838184,0.111484,5.54506e-14,0.000834847,0.00286549,0.770787,0.07214914,20,C2orf74,1
ENSG00000238083.7,ENSG00000238083.7,17,46511511,rs62062271,17,46014622,T,C,0.751491,-0.00959589,0.0032,0.00265,-1.08578,0.12925,4.442036e-17,0.00883778,0.00312933,0.004740225,0.2006852,3,LRRC37A2,1
ENSG00000240344.9,ENSG00000240344.9,2,200889303,rs2136600,2,200877622,C,T,0.745527,-0.00370313,0.0028,0.188,0.923741,0.126222,2.509441e-13,-0.00400885,0.00308025,0.1930986,0.7520806,20,PPIL3,1
ENSG00000241106.8,ENSG00000241106.8,6,32820466,rs4148876,6,32829016,G,A,0.926441,-0.00529595,0.0045,0.2412,-1.35855,0.216241,3.329567e-10,0.00389822,0.00336996,0.2473713,0.2467812,20,HLA-DOB,1
ENSG00000241945.8,ENSG00000241945.8,21,44107373,rs12627239,21,44095942,A,G,0.821074,0.000900405,0.0037,0.7997,-1.25311,0.142714,1.626055e-18,-0.000718535,0.00295378,0.8078045,0.1238399,14,PWP2,1
ENSG00000242110.8,ENSG00000242110.8,5,34008104,rs3195676,5,34007995,C,T,0.49503,0.0018982,0.0024,0.4163,-0.818002,0.111587,2.291248e-13,-0.00232053,0.002951,0.4316613,0.2078143,20,AMACR,1
ENSG00000242441.8,ENSG00000242441.8,2,48617798,rs2140551,2,48595242,G,A,0.442346,0.00659818,0.0025,0.009458,-0.887562,0.106699,8.915862e-17,-0.00743405,0.00295508,0.01188011,0.2466782,20,GTF2A1L,1
ENSG00000242612.7,ENSG00000242612.7,16,401858,rs1204501,16,415843,A,G,0.527833,-0.00659818,0.0028,0.02015,-0.698231,0.118892,4.284953e-09,0.00944986,0.00432092,0.02874239,0.2561966,20,DECR2,1
ENSG00000243335.9,ENSG00000243335.9,7,66628767,rs2302918,7,66535945,A,G,0.471173,0.0071047,0.0029,0.01299,0.759369,0.115364,4.629148e-11,0.00935606,0.00407489,0.02167445,0.08803789,20,KCTD7,1
ENSG00000243725.7,ENSG00000243725.7,1,54715861,rs57811898,1,54735370,A,C,0.937376,0.0128016,0.0053,0.01469,-1.28899,0.228091,1.593321e-08,-0.00993152,0.00447158,0.02634902,0.214228,8,TTC4,1
ENSG00000244482.10,ENSG00000244482.10,19,54242791,rs448461,19,54238862,G,C,0.760437,0.00180162,0.0041,0.6626,0.789507,0.135407,5.522834e-09,0.00228196,0.00520784,0.6612577,0.4510789,15,LILRA6,1
ENSG00000244588.5,ENSG00000244588.5,20,1226056,rs203535,20,1231974,G,A,0.460239,-0.00139902,0.0024,0.5544,-0.784636,0.113923,5.682144e-12,0.00178302,0.00306968,0.5613424,0.02338106,19,RAD21L1,1
ENSG00000250120.8,ENSG00000250120.8,5,140855883,rs76789733,5,140903346,A,G,0.923459,-0.00590255,0.0041,0.1459,1.01703,0.164643,6.524821e-10,-0.00580371,0.00413938,0.160894,0.2642063,15,PCDHA10,1
ENSG00000250312.8,ENSG00000250312.8,4,124501,rs6815339,4,122992,C,G,0.548708,0.0128016,0.0134,0.3408,-0.803658,0.113003,1.145387e-12,-0.0159292,0.0168235,0.3437213,0.2224431,20,ZNF718,1
ENSG00000250565.7,ENSG00000250565.7,2,46542489,rs3754553,2,46541996,T,C,0.522863,0.00180162,0.0024,0.4483,0.676767,0.1196,1.526128e-08,0.0026621,0.00357734,0.456782,0.1804282,19,ATP6V1E2,1
ENSG00000254521.7,ENSG00000254521.7,19,51501800,rs3810110,19,51501489,A,G,0.632207,0.00290421,0.0024,0.2413,-0.694956,0.124024,2.101874e-08,-0.00417899,0.00353307,0.2368799,0.09421292,20,SIGLEC12,1
ENSG00000254685.6,ENSG00000254685.6,1,74198212,rs944795,1,74199264,G,C,0.535785,-0.00899938,0.0165,0.5867,0.755868,0.115612,6.234697e-11,-0.011906,0.021905,0.5867655,0.2853218,15,FPGT,1
ENSG00000255374.3,ENSG00000255374.3,12,11092313,rs2060705,12,11036577,A,G,0.492048,-0.00400198,0.0028,0.1504,-0.744445,0.115712,1.246169e-10,0.00537579,0.00385289,0.1629367,0.03502793,13,TAS2R43,1
ENSG00000257218.6,ENSG00000257218.6,12,120446444,rs492574,12,120568155,G,A,0.687873,-0.000299955,0.0027,0.9084,-0.825014,0.12952,1.892751e-10,0.000363576,0.00327317,0.9115548,0.02361658,18,GATC,1
ENSG00000257949.7,ENSG00000257949.7,17,75979240,rs1135531,17,76005975,G,T,0.725646,-0.00620074,0.0027,0.02376,0.765563,0.13285,8.282801e-09,-0.00809957,0.00379657,0.03289272,0.2083645,17,TEN1,1
ENSG00000259511.2,ENSG00000259511.2,15,84172490,rs62028145,15,84389494,C,G,0.516899,0.010697,0.0177,0.5463,-0.707473,0.118074,2.075309e-09,-0.01512,0.0251456,0.5476402,0.1600112,20,UBE2Q2L,1
ENSG00000261701.7,ENSG00000261701.7,16,72063148,rs2000999,16,72074194,G,A,0.808151,0,0.0029,0.9899,-1.19601,0.141735,3.217121e-17,0,0.00242472,1,0.2551403,20,HPR,1
ENSG00000262246.6,ENSG00000262246.6,16,4425705,rs3761679,16,4407906,G,C,0.749503,0.0101008,0.0029,0.0004412,0.80781,0.13887,5.991308e-09,0.012504,0.0041843,0.002805254,0.1877543,20,CORO7,1
ENSG00000274512.5,ENSG00000274512.5,17,37989048,rs62075978,17,38255399,C,A,0.842942,-0.00279609,0.0047,0.5469,1.06972,0.167668,1.770883e-10,-0.00261384,0.00441272,0.5536212,0.1857969,11,TBC1D3L,1
ENSG00000274744.2,ENSG00000274744.2,18,47029842,rs10468986,18,46848970,A,C,0.578529,-0.00390238,0.0025,0.1216,-0.740281,0.119358,5.567922e-10,0.00527148,0.00348241,0.1300905,0.05848487,20,ELOA3D,1
ENSG00000274750.2,ENSG00000274750.2,6,26224199,rs74928264,6,26224115,C,G,0.895626,0.00930314,0.0042,0.02676,-1.47397,0.260732,1.57488e-08,-0.00631163,0.00306037,0.03917222,0.1949598,10,HIST1H3E,1
ENSG00000277149.5,ENSG00000277149.5,7,72828200,rs67101482,7,72799456,C,T,0.799205,-0.001998,0.004,0.6145,-1.13228,0.128949,1.623164e-18,0.00176458,0.00353841,0.6179947,0.09568176,20,TYW1B,1
ENSG00000277531.2,ENSG00000277531.2,19,46428951,rs7247706,19,46425358,G,A,0.524851,-0.0010994,0.0024,0.6405,-0.750434,0.119443,3.325284e-10,0.00146501,0.00320664,0.6477654,0.5329159,19,PNMA8C,1
ENSG00000277932.2,ENSG00000277932.2,11,5893208,rs11039767,11,5940305,C,T,0.589463,-0.00390238,0.0025,0.1186,0.703626,0.118587,2.967248e-09,-0.0055461,0.00367392,0.1311494,0.01175092,20,OR52E5,1
ENSG00000278662.5,ENSG00000278662.5,15,82349475,rs7162177,15,82181728,T,C,0.635189,0.00530404,0.0025,0.03276,0.6965,0.12177,1.066498e-08,0.00761527,0.00382834,0.04668092,0.006777742,20,GOLGA6L10,1
ENSG00000278674.2,ENSG00000278674.2,18,47023927,rs12386118,18,46960413,C,G,0.526839,0.0112025,0.0166,0.5002,-0.75588,0.116977,1.034651e-10,-0.0148205,0.0220806,0.5020933,0.2189043,20,ELOA3B,1
